Date,URL
THURSDAY 11TH MARCH,https://www.nrl.com/draw/nrl-premiership/2021/round-1/storm-v-rabbitohs/
FRIDAY 12TH MARCH,https://www.nrl.com/draw/nrl-premiership/2021/round-1/knights-v-bulldogs/
FRIDAY 12TH MARCH,https://www.nrl.com/draw/nrl-premiership/2021/round-1/broncos-v-eels/
SATURDAY 13TH MARCH,https://www.nrl.com/draw/nrl-premiership/2021/round-1/warriors-v-titans/
SATURDAY 13TH MARCH,https://www.nrl.com/draw/nrl-premiership/2021/round-1/roosters-v-sea-eagles/
SATURDAY 13TH MARCH,https://www.nrl.com/draw/nrl-premiership/2021/round-1/panthers-v-cowboys/
SUNDAY 14TH MARCH,https://www.nrl.com/draw/nrl-premiership/2021/round-1/raiders-v-wests-tigers/
SUNDAY 14TH MARCH,https://www.nrl.com/draw/nrl-premiership/2021/round-1/dragons-v-sharks/
THURSDAY 18TH MARCH,https://www.nrl.com/draw/nrl-premiership/2021/round-2/eels-v-storm/
FRIDAY 19TH MARCH,https://www.nrl.com/draw/nrl-premiership/2021/round-2/warriors-v-knights/
FRIDAY 19TH MARCH,https://www.nrl.com/draw/nrl-premiership/2021/round-2/titans-v-broncos/
SATURDAY 20TH MARCH,https://www.nrl.com/draw/nrl-premiership/2021/round-2/bulldogs-v-panthers/
SATURDAY 20TH MARCH,https://www.nrl.com/draw/nrl-premiership/2021/round-2/sea-eagles-v-rabbitohs/
SATURDAY 20TH MARCH,https://www.nrl.com/draw/nrl-premiership/2021/round-2/cowboys-v-dragons/
SUNDAY 21ST MARCH,https://www.nrl.com/draw/nrl-premiership/2021/round-2/wests-tigers-v-roosters/
SUNDAY 21ST MARCH,https://www.nrl.com/draw/nrl-premiership/2021/round-2/sharks-v-raiders/
THURSDAY 25TH MARCH,https://www.nrl.com/draw/nrl-premiership/2021/round-3/panthers-v-storm/
FRIDAY 26TH MARCH,https://www.nrl.com/draw/nrl-premiership/2021/round-3/dragons-v-sea-eagles/
FRIDAY 26TH MARCH,https://www.nrl.com/draw/nrl-premiership/2021/round-3/rabbitohs-v-roosters/
SATURDAY 27TH MARCH,https://www.nrl.com/draw/nrl-premiership/2021/round-3/raiders-v-warriors/
SATURDAY 27TH MARCH,https://www.nrl.com/draw/nrl-premiership/2021/round-3/broncos-v-bulldogs/
SATURDAY 27TH MARCH,https://www.nrl.com/draw/nrl-premiership/2021/round-3/eels-v-sharks/
SUNDAY 28TH MARCH,https://www.nrl.com/draw/nrl-premiership/2021/round-3/knights-v-wests-tigers/
SUNDAY 28TH MARCH,https://www.nrl.com/draw/nrl-premiership/2021/round-3/cowboys-v-titans/
THURSDAY 1ST APRIL,https://www.nrl.com/draw/nrl-premiership/2021/round-4/sea-eagles-v-panthers/
FRIDAY 2ND APRIL,https://www.nrl.com/draw/nrl-premiership/2021/round-4/bulldogs-v-rabbitohs/
FRIDAY 2ND APRIL,https://www.nrl.com/draw/nrl-premiership/2021/round-4/storm-v-broncos/
SATURDAY 3RD APRIL,https://www.nrl.com/draw/nrl-premiership/2021/round-4/sharks-v-cowboys/
SATURDAY 3RD APRIL,https://www.nrl.com/draw/nrl-premiership/2021/round-4/titans-v-raiders/
SUNDAY 4TH APRIL,https://www.nrl.com/draw/nrl-premiership/2021/round-4/knights-v-dragons/
SUNDAY 4TH APRIL,https://www.nrl.com/draw/nrl-premiership/2021/round-4/roosters-v-warriors/
MONDAY 5TH APRIL,https://www.nrl.com/draw/nrl-premiership/2021/round-4/wests-tigers-v-eels/
THURSDAY 8TH APRIL,https://www.nrl.com/draw/nrl-premiership/2021/round-5/rabbitohs-v-broncos/
FRIDAY 9TH APRIL,https://www.nrl.com/draw/nrl-premiership/2021/round-5/warriors-v-sea-eagles/
FRIDAY 9TH APRIL,https://www.nrl.com/draw/nrl-premiership/2021/round-5/panthers-v-raiders/
SATURDAY 10TH APRIL,https://www.nrl.com/draw/nrl-premiership/2021/round-5/titans-v-knights/
SATURDAY 10TH APRIL,https://www.nrl.com/draw/nrl-premiership/2021/round-5/bulldogs-v-storm/
SATURDAY 10TH APRIL,https://www.nrl.com/draw/nrl-premiership/2021/round-5/roosters-v-sharks/
SUNDAY 11TH APRIL,https://www.nrl.com/draw/nrl-premiership/2021/round-5/wests-tigers-v-cowboys/
SUNDAY 11TH APRIL,https://www.nrl.com/draw/nrl-premiership/2021/round-5/eels-v-dragons/
THURSDAY 15TH APRIL,https://www.nrl.com/draw/nrl-premiership/2021/round-6/broncos-v-panthers/
FRIDAY 16TH APRIL,https://www.nrl.com/draw/nrl-premiership/2021/round-6/knights-v-sharks/
FRIDAY 16TH APRIL,https://www.nrl.com/draw/nrl-premiership/2021/round-6/storm-v-roosters/
SATURDAY 17TH APRIL,https://www.nrl.com/draw/nrl-premiership/2021/round-6/sea-eagles-v-titans/
SATURDAY 17TH APRIL,https://www.nrl.com/draw/nrl-premiership/2021/round-6/rabbitohs-v-wests-tigers/
SATURDAY 17TH APRIL,https://www.nrl.com/draw/nrl-premiership/2021/round-6/raiders-v-eels/
SUNDAY 18TH APRIL,https://www.nrl.com/draw/nrl-premiership/2021/round-6/dragons-v-warriors/
SUNDAY 18TH APRIL,https://www.nrl.com/draw/nrl-premiership/2021/round-6/cowboys-v-bulldogs/
THURSDAY 22ND APRIL,https://www.nrl.com/draw/nrl-premiership/2021/round-7/panthers-v-knights/
FRIDAY 23RD APRIL,https://www.nrl.com/draw/nrl-premiership/2021/round-7/titans-v-rabbitohs/
FRIDAY 23RD APRIL,https://www.nrl.com/draw/nrl-premiership/2021/round-7/eels-v-broncos/
SATURDAY 24TH APRIL,https://www.nrl.com/draw/nrl-premiership/2021/round-7/sharks-v-bulldogs/
SATURDAY 24TH APRIL,https://www.nrl.com/draw/nrl-premiership/2021/round-7/cowboys-v-raiders/
SUNDAY 25TH APRIL,https://www.nrl.com/draw/nrl-premiership/2021/round-7/wests-tigers-v-sea-eagles/
SUNDAY 25TH APRIL,https://www.nrl.com/draw/nrl-premiership/2021/round-7/roosters-v-dragons/
SUNDAY 25TH APRIL,https://www.nrl.com/draw/nrl-premiership/2021/round-7/storm-v-warriors/
THURSDAY 29TH APRIL,https://www.nrl.com/draw/nrl-premiership/2021/round-8/raiders-v-rabbitohs/
FRIDAY 30TH APRIL,https://www.nrl.com/draw/nrl-premiership/2021/round-8/storm-v-sharks/
FRIDAY 30TH APRIL,https://www.nrl.com/draw/nrl-premiership/2021/round-8/broncos-v-titans/
SATURDAY 1ST MAY,https://www.nrl.com/draw/nrl-premiership/2021/round-8/panthers-v-sea-eagles/
SATURDAY 1ST MAY,https://www.nrl.com/draw/nrl-premiership/2021/round-8/bulldogs-v-eels/
SATURDAY 1ST MAY,https://www.nrl.com/draw/nrl-premiership/2021/round-8/knights-v-roosters/
SUNDAY 2ND MAY,https://www.nrl.com/draw/nrl-premiership/2021/round-8/warriors-v-cowboys/
SUNDAY 2ND MAY,https://www.nrl.com/draw/nrl-premiership/2021/round-8/dragons-v-wests-tigers/
THURSDAY 6TH MAY,https://www.nrl.com/draw/nrl-premiership/2021/round-9/rabbitohs-v-storm/
FRIDAY 7TH MAY,https://www.nrl.com/draw/nrl-premiership/2021/round-9/panthers-v-sharks/
FRIDAY 7TH MAY,https://www.nrl.com/draw/nrl-premiership/2021/round-9/eels-v-roosters/
SATURDAY 8TH MAY,https://www.nrl.com/draw/nrl-premiership/2021/round-9/raiders-v-knights/
SATURDAY 8TH MAY,https://www.nrl.com/draw/nrl-premiership/2021/round-9/wests-tigers-v-titans/
SATURDAY 8TH MAY,https://www.nrl.com/draw/nrl-premiership/2021/round-9/cowboys-v-broncos/
SUNDAY 9TH MAY,https://www.nrl.com/draw/nrl-premiership/2021/round-9/sea-eagles-v-warriors/
SUNDAY 9TH MAY,https://www.nrl.com/draw/nrl-premiership/2021/round-9/dragons-v-bulldogs/
FRIDAY 14TH MAY,https://www.nrl.com/draw/nrl-premiership/2021/round-10/wests-tigers-v-knights/
FRIDAY 14TH MAY,https://www.nrl.com/draw/nrl-premiership/2021/round-10/sea-eagles-v-broncos/
SATURDAY 15TH MAY,https://www.nrl.com/draw/nrl-premiership/2021/round-10/bulldogs-v-raiders/
SATURDAY 15TH MAY,https://www.nrl.com/draw/nrl-premiership/2021/round-10/sharks-v-rabbitohs/
SATURDAY 15TH MAY,https://www.nrl.com/draw/nrl-premiership/2021/round-10/roosters-v-cowboys/
SUNDAY 16TH MAY,https://www.nrl.com/draw/nrl-premiership/2021/round-10/warriors-v-eels/
SUNDAY 16TH MAY,https://www.nrl.com/draw/nrl-premiership/2021/round-10/storm-v-dragons/
SUNDAY 16TH MAY,https://www.nrl.com/draw/nrl-premiership/2021/round-10/titans-v-panthers/
THURSDAY 20TH MAY,https://www.nrl.com/draw/nrl-premiership/2021/round-11/cowboys-v-knights/
FRIDAY 21ST MAY,https://www.nrl.com/draw/nrl-premiership/2021/round-11/warriors-v-wests-tigers/
FRIDAY 21ST MAY,https://www.nrl.com/draw/nrl-premiership/2021/round-11/sharks-v-dragons/
SATURDAY 22ND MAY,https://www.nrl.com/draw/nrl-premiership/2021/round-11/titans-v-bulldogs/
SATURDAY 22ND MAY,https://www.nrl.com/draw/nrl-premiership/2021/round-11/roosters-v-broncos/
SATURDAY 22ND MAY,https://www.nrl.com/draw/nrl-premiership/2021/round-11/raiders-v-storm/
SUNDAY 23RD MAY,https://www.nrl.com/draw/nrl-premiership/2021/round-11/rabbitohs-v-panthers/
SUNDAY 23RD MAY,https://www.nrl.com/draw/nrl-premiership/2021/round-11/eels-v-sea-eagles/
THURSDAY 27TH MAY,https://www.nrl.com/draw/nrl-premiership/2021/round-12/broncos-v-storm/
FRIDAY 28TH MAY,https://www.nrl.com/draw/nrl-premiership/2021/round-12/cowboys-v-warriors/
FRIDAY 28TH MAY,https://www.nrl.com/draw/nrl-premiership/2021/round-12/wests-tigers-v-dragons/
SATURDAY 29TH MAY,https://www.nrl.com/draw/nrl-premiership/2021/round-12/panthers-v-bulldogs/
SATURDAY 29TH MAY,https://www.nrl.com/draw/nrl-premiership/2021/round-12/rabbitohs-v-eels/
SATURDAY 29TH MAY,https://www.nrl.com/draw/nrl-premiership/2021/round-12/roosters-v-raiders/
SUNDAY 30TH MAY,https://www.nrl.com/draw/nrl-premiership/2021/round-12/sharks-v-titans/
SUNDAY 30TH MAY,https://www.nrl.com/draw/nrl-premiership/2021/round-12/knights-v-sea-eagles/
THURSDAY 3RD JUNE,https://www.nrl.com/draw/nrl-premiership/2021/round-13/dragons-v-broncos/
FRIDAY 4TH JUNE,https://www.nrl.com/draw/nrl-premiership/2021/round-13/wests-tigers-v-panthers/
SATURDAY 5TH JUNE,https://www.nrl.com/draw/nrl-premiership/2021/round-13/storm-v-titans/
SUNDAY 6TH JUNE,https://www.nrl.com/draw/nrl-premiership/2021/round-13/knights-v-eels/
FRIDAY 11TH JUNE,https://www.nrl.com/draw/nrl-premiership/2021/round-14/sea-eagles-v-cowboys/
FRIDAY 11TH JUNE,https://www.nrl.com/draw/nrl-premiership/2021/round-14/sharks-v-panthers/
SATURDAY 12TH JUNE,https://www.nrl.com/draw/nrl-premiership/2021/round-14/titans-v-roosters/
SATURDAY 12TH JUNE,https://www.nrl.com/draw/nrl-premiership/2021/round-14/rabbitohs-v-knights/
SATURDAY 12TH JUNE,https://www.nrl.com/draw/nrl-premiership/2021/round-14/raiders-v-broncos/
SUNDAY 13TH JUNE,https://www.nrl.com/draw/nrl-premiership/2021/round-14/warriors-v-storm/
SUNDAY 13TH JUNE,https://www.nrl.com/draw/nrl-premiership/2021/round-14/eels-v-wests-tigers/
MONDAY 14TH JUNE,https://www.nrl.com/draw/nrl-premiership/2021/round-14/bulldogs-v-dragons/
THURSDAY 17TH JUNE,https://www.nrl.com/draw/nrl-premiership/2021/round-15/broncos-v-rabbitohs/
FRIDAY 18TH JUNE,https://www.nrl.com/draw/nrl-premiership/2021/round-15/cowboys-v-sharks/
FRIDAY 18TH JUNE,https://www.nrl.com/draw/nrl-premiership/2021/round-15/panthers-v-roosters/
SATURDAY 19TH JUNE,https://www.nrl.com/draw/nrl-premiership/2021/round-15/knights-v-warriors/
SATURDAY 19TH JUNE,https://www.nrl.com/draw/nrl-premiership/2021/round-15/dragons-v-raiders/
SATURDAY 19TH JUNE,https://www.nrl.com/draw/nrl-premiership/2021/round-15/storm-v-wests-tigers/
SUNDAY 20TH JUNE,https://www.nrl.com/draw/nrl-premiership/2021/round-15/eels-v-bulldogs/
SUNDAY 20TH JUNE,https://www.nrl.com/draw/nrl-premiership/2021/round-15/titans-v-sea-eagles/
THURSDAY 1ST JULY,https://www.nrl.com/draw/nrl-premiership/2021/round-16/roosters-v-storm/
FRIDAY 2ND JULY,https://www.nrl.com/draw/nrl-premiership/2021/round-16/warriors-v-dragons/
FRIDAY 2ND JULY,https://www.nrl.com/draw/nrl-premiership/2021/round-16/panthers-v-eels/
SATURDAY 3RD JULY,https://www.nrl.com/draw/nrl-premiership/2021/round-16/bulldogs-v-sea-eagles/
SATURDAY 3RD JULY,https://www.nrl.com/draw/nrl-premiership/2021/round-16/raiders-v-titans/
SATURDAY 3RD JULY,https://www.nrl.com/draw/nrl-premiership/2021/round-16/knights-v-cowboys/
SUNDAY 4TH JULY,https://www.nrl.com/draw/nrl-premiership/2021/round-16/broncos-v-sharks/
SUNDAY 4TH JULY,https://www.nrl.com/draw/nrl-premiership/2021/round-16/wests-tigers-v-rabbitohs/
THURSDAY 8TH JULY,https://www.nrl.com/draw/nrl-premiership/2021/round-17/sea-eagles-v-raiders/
FRIDAY 9TH JULY,https://www.nrl.com/draw/nrl-premiership/2021/round-17/rabbitohs-v-cowboys/
SATURDAY 10TH JULY,https://www.nrl.com/draw/nrl-premiership/2021/round-17/bulldogs-v-roosters/
SUNDAY 11TH JULY,https://www.nrl.com/draw/nrl-premiership/2021/round-17/sharks-v-warriors/
FRIDAY 16TH JULY,https://www.nrl.com/draw/nrl-premiership/2021/round-18/titans-v-eels/
FRIDAY 16TH JULY,https://www.nrl.com/draw/nrl-premiership/2021/round-18/sea-eagles-v-dragons/
SATURDAY 17TH JULY,https://www.nrl.com/draw/nrl-premiership/2021/round-18/raiders-v-sharks/
SATURDAY 17TH JULY,https://www.nrl.com/draw/nrl-premiership/2021/round-18/cowboys-v-roosters/
SATURDAY 17TH JULY,https://www.nrl.com/draw/nrl-premiership/2021/round-18/storm-v-knights/
SUNDAY 18TH JULY,https://www.nrl.com/draw/nrl-premiership/2021/round-18/warriors-v-panthers/
SUNDAY 18TH JULY,https://www.nrl.com/draw/nrl-premiership/2021/round-18/broncos-v-wests-tigers/
SUNDAY 18TH JULY,https://www.nrl.com/draw/nrl-premiership/2021/round-18/rabbitohs-v-bulldogs/
THURSDAY 22ND JULY,https://www.nrl.com/draw/nrl-premiership/2021/round-19/eels-v-raiders/
FRIDAY 23RD JULY,https://www.nrl.com/draw/nrl-premiership/2021/round-19/roosters-v-knights/
FRIDAY 23RD JULY,https://www.nrl.com/draw/nrl-premiership/2021/round-19/cowboys-v-storm/
SATURDAY 24TH JULY,https://www.nrl.com/draw/nrl-premiership/2021/round-19/rabbitohs-v-warriors/
SATURDAY 24TH JULY,https://www.nrl.com/draw/nrl-premiership/2021/round-19/sea-eagles-v-wests-tigers/
SATURDAY 24TH JULY,https://www.nrl.com/draw/nrl-premiership/2021/round-19/panthers-v-broncos/
SUNDAY 25TH JULY,https://www.nrl.com/draw/nrl-premiership/2021/round-19/dragons-v-titans/
SUNDAY 25TH JULY,https://www.nrl.com/draw/nrl-premiership/2021/round-19/bulldogs-v-sharks/
THURSDAY 29TH JULY,https://www.nrl.com/draw/nrl-premiership/2021/round-20/roosters-v-eels/
FRIDAY 30TH JULY,https://www.nrl.com/draw/nrl-premiership/2021/round-20/wests-tigers-v-warriors/
FRIDAY 30TH JULY,https://www.nrl.com/draw/nrl-premiership/2021/round-20/broncos-v-cowboys/
SUNDAY 1ST AUGUST,https://www.nrl.com/draw/nrl-premiership/2021/round-20/dragons-v-rabbitohs/
SUNDAY 1ST AUGUST,https://www.nrl.com/draw/nrl-premiership/2021/round-20/knights-v-raiders/
SUNDAY 1ST AUGUST,https://www.nrl.com/draw/nrl-premiership/2021/round-20/storm-v-panthers/
MONDAY 2ND AUGUST,https://www.nrl.com/draw/nrl-premiership/2021/round-20/bulldogs-v-titans/
MONDAY 2ND AUGUST,https://www.nrl.com/draw/nrl-premiership/2021/round-20/sharks-v-sea-eagles/
THURSDAY 5TH AUGUST,https://www.nrl.com/draw/nrl-premiership/2021/round-21/knights-v-broncos/
FRIDAY 6TH AUGUST,https://www.nrl.com/draw/nrl-premiership/2021/round-21/raiders-v-dragons/
FRIDAY 6TH AUGUST,https://www.nrl.com/draw/nrl-premiership/2021/round-21/eels-v-rabbitohs/
SATURDAY 7TH AUGUST,https://www.nrl.com/draw/nrl-premiership/2021/round-21/warriors-v-sharks/
SATURDAY 7TH AUGUST,https://www.nrl.com/draw/nrl-premiership/2021/round-21/roosters-v-panthers/
SATURDAY 7TH AUGUST,https://www.nrl.com/draw/nrl-premiership/2021/round-21/sea-eagles-v-storm/
SUNDAY 8TH AUGUST,https://www.nrl.com/draw/nrl-premiership/2021/round-21/bulldogs-v-wests-tigers/
SUNDAY 8TH AUGUST,https://www.nrl.com/draw/nrl-premiership/2021/round-21/titans-v-cowboys/
THURSDAY 12TH AUGUST,https://www.nrl.com/draw/nrl-premiership/2021/round-22/storm-v-raiders/
FRIDAY 13TH AUGUST,https://www.nrl.com/draw/nrl-premiership/2021/round-22/dragons-v-panthers/
FRIDAY 13TH AUGUST,https://www.nrl.com/draw/nrl-premiership/2021/round-22/broncos-v-roosters/
SATURDAY 14TH AUGUST,https://www.nrl.com/draw/nrl-premiership/2021/round-22/rabbitohs-v-titans/
SATURDAY 14TH AUGUST,https://www.nrl.com/draw/nrl-premiership/2021/round-22/cowboys-v-wests-tigers/
SATURDAY 14TH AUGUST,https://www.nrl.com/draw/nrl-premiership/2021/round-22/sea-eagles-v-eels/
SUNDAY 15TH AUGUST,https://www.nrl.com/draw/nrl-premiership/2021/round-22/warriors-v-bulldogs/
SUNDAY 15TH AUGUST,https://www.nrl.com/draw/nrl-premiership/2021/round-22/sharks-v-knights/
THURSDAY 19TH AUGUST,https://www.nrl.com/draw/nrl-premiership/2021/round-23/titans-v-storm/
FRIDAY 20TH AUGUST,https://www.nrl.com/draw/nrl-premiership/2021/round-23/raiders-v-sea-eagles/
FRIDAY 20TH AUGUST,https://www.nrl.com/draw/nrl-premiership/2021/round-23/panthers-v-rabbitohs/
SATURDAY 21ST AUGUST,https://www.nrl.com/draw/nrl-premiership/2021/round-23/wests-tigers-v-sharks/
SATURDAY 21ST AUGUST,https://www.nrl.com/draw/nrl-premiership/2021/round-23/bulldogs-v-knights/
SATURDAY 21ST AUGUST,https://www.nrl.com/draw/nrl-premiership/2021/round-23/eels-v-cowboys/
SUNDAY 22ND AUGUST,https://www.nrl.com/draw/nrl-premiership/2021/round-23/dragons-v-roosters/
SUNDAY 22ND AUGUST,https://www.nrl.com/draw/nrl-premiership/2021/round-23/broncos-v-warriors/
THURSDAY 26TH AUGUST,https://www.nrl.com/draw/nrl-premiership/2021/round-24/knights-v-titans/
FRIDAY 27TH AUGUST,https://www.nrl.com/draw/nrl-premiership/2021/round-24/warriors-v-raiders/
FRIDAY 27TH AUGUST,https://www.nrl.com/draw/nrl-premiership/2021/round-24/roosters-v-rabbitohs/
SATURDAY 28TH AUGUST,https://www.nrl.com/draw/nrl-premiership/2021/round-24/dragons-v-cowboys/
SATURDAY 28TH AUGUST,https://www.nrl.com/draw/nrl-premiership/2021/round-24/sharks-v-broncos/
SATURDAY 28TH AUGUST,https://www.nrl.com/draw/nrl-premiership/2021/round-24/storm-v-eels/
SUNDAY 29TH AUGUST,https://www.nrl.com/draw/nrl-premiership/2021/round-24/sea-eagles-v-bulldogs/
SUNDAY 29TH AUGUST,https://www.nrl.com/draw/nrl-premiership/2021/round-24/panthers-v-wests-tigers/
THURSDAY 2ND SEPTEMBER,https://www.nrl.com/draw/nrl-premiership/2021/round-25/raiders-v-roosters/
FRIDAY 3RD SEPTEMBER,https://www.nrl.com/draw/nrl-premiership/2021/round-25/sharks-v-storm/
FRIDAY 3RD SEPTEMBER,https://www.nrl.com/draw/nrl-premiership/2021/round-25/eels-v-panthers/
SATURDAY 4TH SEPTEMBER,https://www.nrl.com/draw/nrl-premiership/2021/round-25/broncos-v-knights/
SATURDAY 4TH SEPTEMBER,https://www.nrl.com/draw/nrl-premiership/2021/round-25/cowboys-v-sea-eagles/
SATURDAY 4TH SEPTEMBER,https://www.nrl.com/draw/nrl-premiership/2021/round-25/rabbitohs-v-dragons/
SUNDAY 5TH SEPTEMBER,https://www.nrl.com/draw/nrl-premiership/2021/round-25/titans-v-warriors/
SUNDAY 5TH SEPTEMBER,https://www.nrl.com/draw/nrl-premiership/2021/round-25/wests-tigers-v-bulldogs/
FRIDAY 10TH SEPTEMBER,https://www.nrl.com/draw/nrl-premiership/2021/finals-week-1/storm-v-sea-eagles/
SATURDAY 11TH SEPTEMBER,https://www.nrl.com/draw/nrl-premiership/2021/finals-week-1/roosters-v-titans/
SATURDAY 11TH SEPTEMBER,https://www.nrl.com/draw/nrl-premiership/2021/finals-week-1/panthers-v-rabbitohs/
SUNDAY 12TH SEPTEMBER,https://www.nrl.com/draw/nrl-premiership/2021/finals-week-1/eels-v-knights/
FRIDAY 17TH SEPTEMBER,https://www.nrl.com/draw/nrl-premiership/2021/finals-week-2/sea-eagles-v-roosters/
SATURDAY 18TH SEPTEMBER,https://www.nrl.com/draw/nrl-premiership/2021/finals-week-2/panthers-v-eels/
FRIDAY 24TH SEPTEMBER,https://www.nrl.com/draw/nrl-premiership/2021/finals-week-3/rabbitohs-v-sea-eagles/
SATURDAY 25TH SEPTEMBER,https://www.nrl.com/draw/nrl-premiership/2021/finals-week-3/storm-v-panthers/
SUNDAY 3RD OCTOBER,https://www.nrl.com/draw/nrl-premiership/2021/grand-final/panthers-v-rabbitohs/
THURSDAY 10TH MARCH,https://www.nrl.com/draw/nrl-premiership/2022/round-1/panthers-v-sea-eagles/
FRIDAY 11TH MARCH,https://www.nrl.com/draw/nrl-premiership/2022/round-1/raiders-v-sharks/
FRIDAY 11TH MARCH,https://www.nrl.com/draw/nrl-premiership/2022/round-1/broncos-v-rabbitohs/
SATURDAY 12TH MARCH,https://www.nrl.com/draw/nrl-premiership/2022/round-1/roosters-v-knights/
SATURDAY 12TH MARCH,https://www.nrl.com/draw/nrl-premiership/2022/round-1/warriors-v-dragons/
SATURDAY 12TH MARCH,https://www.nrl.com/draw/nrl-premiership/2022/round-1/wests-tigers-v-storm/
SUNDAY 13TH MARCH,https://www.nrl.com/draw/nrl-premiership/2022/round-1/eels-v-titans/
SUNDAY 13TH MARCH,https://www.nrl.com/draw/nrl-premiership/2022/round-1/cowboys-v-bulldogs/
THURSDAY 17TH MARCH,https://www.nrl.com/draw/nrl-premiership/2022/round-2/storm-v-rabbitohs/
FRIDAY 18TH MARCH,https://www.nrl.com/draw/nrl-premiership/2022/round-2/dragons-v-panthers/
FRIDAY 18TH MARCH,https://www.nrl.com/draw/nrl-premiership/2022/round-2/roosters-v-sea-eagles/
SATURDAY 19TH MARCH,https://www.nrl.com/draw/nrl-premiership/2022/round-2/titans-v-warriors/
SATURDAY 19TH MARCH,https://www.nrl.com/draw/nrl-premiership/2022/round-2/sharks-v-eels/
SATURDAY 19TH MARCH,https://www.nrl.com/draw/nrl-premiership/2022/round-2/cowboys-v-raiders/
SUNDAY 20TH MARCH,https://www.nrl.com/draw/nrl-premiership/2022/round-2/knights-v-wests-tigers/
SUNDAY 20TH MARCH,https://www.nrl.com/draw/nrl-premiership/2022/round-2/bulldogs-v-broncos/
THURSDAY 24TH MARCH,https://www.nrl.com/draw/nrl-premiership/2022/round-3/dragons-v-sharks/
FRIDAY 25TH MARCH,https://www.nrl.com/draw/nrl-premiership/2022/round-3/wests-tigers-v-warriors/
FRIDAY 25TH MARCH,https://www.nrl.com/draw/nrl-premiership/2022/round-3/rabbitohs-v-roosters/
SATURDAY 26TH MARCH,https://www.nrl.com/draw/nrl-premiership/2022/round-3/panthers-v-knights/
SATURDAY 26TH MARCH,https://www.nrl.com/draw/nrl-premiership/2022/round-3/storm-v-eels/
SATURDAY 26TH MARCH,https://www.nrl.com/draw/nrl-premiership/2022/round-3/raiders-v-titans/
SUNDAY 27TH MARCH,https://www.nrl.com/draw/nrl-premiership/2022/round-3/broncos-v-cowboys/
SUNDAY 27TH MARCH,https://www.nrl.com/draw/nrl-premiership/2022/round-3/sea-eagles-v-bulldogs/
THURSDAY 31ST MARCH,https://www.nrl.com/draw/nrl-premiership/2022/round-4/titans-v-wests-tigers/
FRIDAY 1ST APRIL,https://www.nrl.com/draw/nrl-premiership/2022/round-4/sharks-v-knights/
FRIDAY 1ST APRIL,https://www.nrl.com/draw/nrl-premiership/2022/round-4/panthers-v-rabbitohs/
SATURDAY 2ND APRIL,https://www.nrl.com/draw/nrl-premiership/2022/round-4/warriors-v-broncos/
SATURDAY 2ND APRIL,https://www.nrl.com/draw/nrl-premiership/2022/round-4/sea-eagles-v-raiders/
SATURDAY 2ND APRIL,https://www.nrl.com/draw/nrl-premiership/2022/round-4/cowboys-v-roosters/
SUNDAY 3RD APRIL,https://www.nrl.com/draw/nrl-premiership/2022/round-4/storm-v-bulldogs/
SUNDAY 3RD APRIL,https://www.nrl.com/draw/nrl-premiership/2022/round-4/eels-v-dragons/
THURSDAY 7TH APRIL,https://www.nrl.com/draw/nrl-premiership/2022/round-5/knights-v-sea-eagles/
FRIDAY 8TH APRIL,https://www.nrl.com/draw/nrl-premiership/2022/round-5/warriors-v-cowboys/
FRIDAY 8TH APRIL,https://www.nrl.com/draw/nrl-premiership/2022/round-5/broncos-v-roosters/
SATURDAY 9TH APRIL,https://www.nrl.com/draw/nrl-premiership/2022/round-5/raiders-v-storm/
SATURDAY 9TH APRIL,https://www.nrl.com/draw/nrl-premiership/2022/round-5/rabbitohs-v-dragons/
SATURDAY 9TH APRIL,https://www.nrl.com/draw/nrl-premiership/2022/round-5/titans-v-eels/
SUNDAY 10TH APRIL,https://www.nrl.com/draw/nrl-premiership/2022/round-5/sharks-v-wests-tigers/
SUNDAY 10TH APRIL,https://www.nrl.com/draw/nrl-premiership/2022/round-5/bulldogs-v-panthers/
THURSDAY 14TH APRIL,https://www.nrl.com/draw/nrl-premiership/2022/round-6/raiders-v-cowboys/
FRIDAY 15TH APRIL,https://www.nrl.com/draw/nrl-premiership/2022/round-6/rabbitohs-v-bulldogs/
FRIDAY 15TH APRIL,https://www.nrl.com/draw/nrl-premiership/2022/round-6/panthers-v-broncos/
SATURDAY 16TH APRIL,https://www.nrl.com/draw/nrl-premiership/2022/round-6/sea-eagles-v-titans/
SATURDAY 16TH APRIL,https://www.nrl.com/draw/nrl-premiership/2022/round-6/storm-v-sharks/
SUNDAY 17TH APRIL,https://www.nrl.com/draw/nrl-premiership/2022/round-6/roosters-v-warriors/
SUNDAY 17TH APRIL,https://www.nrl.com/draw/nrl-premiership/2022/round-6/dragons-v-knights/
MONDAY 18TH APRIL,https://www.nrl.com/draw/nrl-premiership/2022/round-6/eels-v-wests-tigers/
THURSDAY 21ST APRIL,https://www.nrl.com/draw/nrl-premiership/2022/round-7/sharks-v-sea-eagles/
FRIDAY 22ND APRIL,https://www.nrl.com/draw/nrl-premiership/2022/round-7/broncos-v-bulldogs/
SATURDAY 23RD APRIL,https://www.nrl.com/draw/nrl-premiership/2022/round-7/cowboys-v-titans/
SATURDAY 23RD APRIL,https://www.nrl.com/draw/nrl-premiership/2022/round-7/wests-tigers-v-rabbitohs/
SUNDAY 24TH APRIL,https://www.nrl.com/draw/nrl-premiership/2022/round-7/knights-v-eels/
SUNDAY 24TH APRIL,https://www.nrl.com/draw/nrl-premiership/2022/round-7/panthers-v-raiders/
MONDAY 25TH APRIL,https://www.nrl.com/draw/nrl-premiership/2022/round-7/dragons-v-roosters/
MONDAY 25TH APRIL,https://www.nrl.com/draw/nrl-premiership/2022/round-7/storm-v-warriors/
THURSDAY 28TH APRIL,https://www.nrl.com/draw/nrl-premiership/2022/round-8/broncos-v-sharks/
FRIDAY 29TH APRIL,https://www.nrl.com/draw/nrl-premiership/2022/round-8/titans-v-panthers/
FRIDAY 29TH APRIL,https://www.nrl.com/draw/nrl-premiership/2022/round-8/rabbitohs-v-sea-eagles/
SATURDAY 30TH APRIL,https://www.nrl.com/draw/nrl-premiership/2022/round-8/warriors-v-raiders/
SATURDAY 30TH APRIL,https://www.nrl.com/draw/nrl-premiership/2022/round-8/bulldogs-v-roosters/
SATURDAY 30TH APRIL,https://www.nrl.com/draw/nrl-premiership/2022/round-8/eels-v-cowboys/
SUNDAY 1ST MAY,https://www.nrl.com/draw/nrl-premiership/2022/round-8/knights-v-storm/
SUNDAY 1ST MAY,https://www.nrl.com/draw/nrl-premiership/2022/round-8/dragons-v-wests-tigers/
THURSDAY 5TH MAY,https://www.nrl.com/draw/nrl-premiership/2022/round-9/rabbitohs-v-broncos/
FRIDAY 6TH MAY,https://www.nrl.com/draw/nrl-premiership/2022/round-9/raiders-v-bulldogs/
FRIDAY 6TH MAY,https://www.nrl.com/draw/nrl-premiership/2022/round-9/panthers-v-eels/
SATURDAY 7TH MAY,https://www.nrl.com/draw/nrl-premiership/2022/round-9/sea-eagles-v-wests-tigers/
SATURDAY 7TH MAY,https://www.nrl.com/draw/nrl-premiership/2022/round-9/roosters-v-titans/
SATURDAY 7TH MAY,https://www.nrl.com/draw/nrl-premiership/2022/round-9/cowboys-v-knights/
SUNDAY 8TH MAY,https://www.nrl.com/draw/nrl-premiership/2022/round-9/storm-v-dragons/
SUNDAY 8TH MAY,https://www.nrl.com/draw/nrl-premiership/2022/round-9/sharks-v-warriors/
FRIDAY 13TH MAY,https://www.nrl.com/draw/nrl-premiership/2022/round-10/bulldogs-v-knights/
FRIDAY 13TH MAY,https://www.nrl.com/draw/nrl-premiership/2022/round-10/sea-eagles-v-broncos/
SATURDAY 14TH MAY,https://www.nrl.com/draw/nrl-premiership/2022/round-10/warriors-v-rabbitohs/
SATURDAY 14TH MAY,https://www.nrl.com/draw/nrl-premiership/2022/round-10/titans-v-dragons/
SATURDAY 14TH MAY,https://www.nrl.com/draw/nrl-premiership/2022/round-10/storm-v-panthers/
SUNDAY 15TH MAY,https://www.nrl.com/draw/nrl-premiership/2022/round-10/sharks-v-raiders/
SUNDAY 15TH MAY,https://www.nrl.com/draw/nrl-premiership/2022/round-10/roosters-v-eels/
SUNDAY 15TH MAY,https://www.nrl.com/draw/nrl-premiership/2022/round-10/wests-tigers-v-cowboys/
THURSDAY 19TH MAY,https://www.nrl.com/draw/nrl-premiership/2022/round-11/knights-v-broncos/
FRIDAY 20TH MAY,https://www.nrl.com/draw/nrl-premiership/2022/round-11/wests-tigers-v-bulldogs/
FRIDAY 20TH MAY,https://www.nrl.com/draw/nrl-premiership/2022/round-11/eels-v-sea-eagles/
SATURDAY 21ST MAY,https://www.nrl.com/draw/nrl-premiership/2022/round-11/dragons-v-warriors/
SATURDAY 21ST MAY,https://www.nrl.com/draw/nrl-premiership/2022/round-11/cowboys-v-storm/
SATURDAY 21ST MAY,https://www.nrl.com/draw/nrl-premiership/2022/round-11/roosters-v-panthers/
SUNDAY 22ND MAY,https://www.nrl.com/draw/nrl-premiership/2022/round-11/rabbitohs-v-raiders/
SUNDAY 22ND MAY,https://www.nrl.com/draw/nrl-premiership/2022/round-11/titans-v-sharks/
THURSDAY 26TH MAY,https://www.nrl.com/draw/nrl-premiership/2022/round-12/storm-v-sea-eagles/
FRIDAY 27TH MAY,https://www.nrl.com/draw/nrl-premiership/2022/round-12/panthers-v-cowboys/
FRIDAY 27TH MAY,https://www.nrl.com/draw/nrl-premiership/2022/round-12/broncos-v-titans/
SATURDAY 28TH MAY,https://www.nrl.com/draw/nrl-premiership/2022/round-12/warriors-v-knights/
SATURDAY 28TH MAY,https://www.nrl.com/draw/nrl-premiership/2022/round-12/rabbitohs-v-wests-tigers/
SATURDAY 28TH MAY,https://www.nrl.com/draw/nrl-premiership/2022/round-12/sharks-v-roosters/
SUNDAY 29TH MAY,https://www.nrl.com/draw/nrl-premiership/2022/round-12/bulldogs-v-dragons/
SUNDAY 29TH MAY,https://www.nrl.com/draw/nrl-premiership/2022/round-12/raiders-v-eels/
THURSDAY 2ND JUNE,https://www.nrl.com/draw/nrl-premiership/2022/round-13/titans-v-cowboys/
FRIDAY 3RD JUNE,https://www.nrl.com/draw/nrl-premiership/2022/round-13/panthers-v-bulldogs/
SATURDAY 4TH JUNE,https://www.nrl.com/draw/nrl-premiership/2022/round-13/sea-eagles-v-warriors/
SUNDAY 5TH JUNE,https://www.nrl.com/draw/nrl-premiership/2022/round-13/raiders-v-roosters/
FRIDAY 10TH JUNE,https://www.nrl.com/draw/nrl-premiership/2022/round-14/cowboys-v-dragons/
SATURDAY 11TH JUNE,https://www.nrl.com/draw/nrl-premiership/2022/round-14/titans-v-rabbitohs/
SATURDAY 11TH JUNE,https://www.nrl.com/draw/nrl-premiership/2022/round-14/roosters-v-storm/
SATURDAY 11TH JUNE,https://www.nrl.com/draw/nrl-premiership/2022/round-14/broncos-v-raiders/
SUNDAY 12TH JUNE,https://www.nrl.com/draw/nrl-premiership/2022/round-14/wests-tigers-v-sea-eagles/
SUNDAY 12TH JUNE,https://www.nrl.com/draw/nrl-premiership/2022/round-14/knights-v-panthers/
SUNDAY 12TH JUNE,https://www.nrl.com/draw/nrl-premiership/2022/round-14/warriors-v-sharks/
MONDAY 13TH JUNE,https://www.nrl.com/draw/nrl-premiership/2022/round-14/bulldogs-v-eels/
THURSDAY 16TH JUNE,https://www.nrl.com/draw/nrl-premiership/2022/round-15/dragons-v-rabbitohs/
FRIDAY 17TH JUNE,https://www.nrl.com/draw/nrl-premiership/2022/round-15/sea-eagles-v-cowboys/
FRIDAY 17TH JUNE,https://www.nrl.com/draw/nrl-premiership/2022/round-15/storm-v-broncos/
SATURDAY 18TH JUNE,https://www.nrl.com/draw/nrl-premiership/2022/round-15/sharks-v-titans/
SATURDAY 18TH JUNE,https://www.nrl.com/draw/nrl-premiership/2022/round-15/warriors-v-panthers/
SATURDAY 18TH JUNE,https://www.nrl.com/draw/nrl-premiership/2022/round-15/eels-v-roosters/
SUNDAY 19TH JUNE,https://www.nrl.com/draw/nrl-premiership/2022/round-15/raiders-v-knights/
SUNDAY 19TH JUNE,https://www.nrl.com/draw/nrl-premiership/2022/round-15/bulldogs-v-wests-tigers/
THURSDAY 30TH JUNE,https://www.nrl.com/draw/nrl-premiership/2022/round-16/sea-eagles-v-storm/
FRIDAY 1ST JULY,https://www.nrl.com/draw/nrl-premiership/2022/round-16/knights-v-titans/
FRIDAY 1ST JULY,https://www.nrl.com/draw/nrl-premiership/2022/round-16/panthers-v-roosters/
SATURDAY 2ND JULY,https://www.nrl.com/draw/nrl-premiership/2022/round-16/bulldogs-v-sharks/
SATURDAY 2ND JULY,https://www.nrl.com/draw/nrl-premiership/2022/round-16/cowboys-v-broncos/
SATURDAY 2ND JULY,https://www.nrl.com/draw/nrl-premiership/2022/round-16/rabbitohs-v-eels/
SUNDAY 3RD JULY,https://www.nrl.com/draw/nrl-premiership/2022/round-16/warriors-v-wests-tigers/
SUNDAY 3RD JULY,https://www.nrl.com/draw/nrl-premiership/2022/round-16/dragons-v-raiders/
THURSDAY 7TH JULY,https://www.nrl.com/draw/nrl-premiership/2022/round-17/sharks-v-storm/
FRIDAY 8TH JULY,https://www.nrl.com/draw/nrl-premiership/2022/round-17/knights-v-rabbitohs/
SATURDAY 9TH JULY,https://www.nrl.com/draw/nrl-premiership/2022/round-17/wests-tigers-v-eels/
SUNDAY 10TH JULY,https://www.nrl.com/draw/nrl-premiership/2022/round-17/broncos-v-dragons/
FRIDAY 15TH JULY,https://www.nrl.com/draw/nrl-premiership/2022/round-18/cowboys-v-sharks/
FRIDAY 15TH JULY,https://www.nrl.com/draw/nrl-premiership/2022/round-18/eels-v-warriors/
SATURDAY 16TH JULY,https://www.nrl.com/draw/nrl-premiership/2022/round-18/roosters-v-dragons/
SATURDAY 16TH JULY,https://www.nrl.com/draw/nrl-premiership/2022/round-18/sea-eagles-v-knights/
SATURDAY 16TH JULY,https://www.nrl.com/draw/nrl-premiership/2022/round-18/titans-v-broncos/
SUNDAY 17TH JULY,https://www.nrl.com/draw/nrl-premiership/2022/round-18/wests-tigers-v-panthers/
SUNDAY 17TH JULY,https://www.nrl.com/draw/nrl-premiership/2022/round-18/storm-v-raiders/
SUNDAY 17TH JULY,https://www.nrl.com/draw/nrl-premiership/2022/round-18/bulldogs-v-rabbitohs/
THURSDAY 21ST JULY,https://www.nrl.com/draw/nrl-premiership/2022/round-19/eels-v-broncos/
FRIDAY 22ND JULY,https://www.nrl.com/draw/nrl-premiership/2022/round-19/dragons-v-sea-eagles/
FRIDAY 22ND JULY,https://www.nrl.com/draw/nrl-premiership/2022/round-19/knights-v-roosters/
SATURDAY 23RD JULY,https://www.nrl.com/draw/nrl-premiership/2022/round-19/raiders-v-warriors/
SATURDAY 23RD JULY,https://www.nrl.com/draw/nrl-premiership/2022/round-19/panthers-v-sharks/
SATURDAY 23RD JULY,https://www.nrl.com/draw/nrl-premiership/2022/round-19/rabbitohs-v-storm/
SUNDAY 24TH JULY,https://www.nrl.com/draw/nrl-premiership/2022/round-19/bulldogs-v-titans/
SUNDAY 24TH JULY,https://www.nrl.com/draw/nrl-premiership/2022/round-19/cowboys-v-wests-tigers/
THURSDAY 28TH JULY,https://www.nrl.com/draw/nrl-premiership/2022/round-20/sea-eagles-v-roosters/
FRIDAY 29TH JULY,https://www.nrl.com/draw/nrl-premiership/2022/round-20/warriors-v-storm/
FRIDAY 29TH JULY,https://www.nrl.com/draw/nrl-premiership/2022/round-20/eels-v-panthers/
SATURDAY 30TH JULY,https://www.nrl.com/draw/nrl-premiership/2022/round-20/titans-v-raiders/
SATURDAY 30TH JULY,https://www.nrl.com/draw/nrl-premiership/2022/round-20/sharks-v-rabbitohs/
SATURDAY 30TH JULY,https://www.nrl.com/draw/nrl-premiership/2022/round-20/broncos-v-wests-tigers/
SUNDAY 31ST JULY,https://www.nrl.com/draw/nrl-premiership/2022/round-20/knights-v-bulldogs/
SUNDAY 31ST JULY,https://www.nrl.com/draw/nrl-premiership/2022/round-20/dragons-v-cowboys/
THURSDAY 4TH AUGUST,https://www.nrl.com/draw/nrl-premiership/2022/round-21/roosters-v-broncos/
FRIDAY 5TH AUGUST,https://www.nrl.com/draw/nrl-premiership/2022/round-21/storm-v-titans/
FRIDAY 5TH AUGUST,https://www.nrl.com/draw/nrl-premiership/2022/round-21/sea-eagles-v-eels/
SATURDAY 6TH AUGUST,https://www.nrl.com/draw/nrl-premiership/2022/round-21/rabbitohs-v-warriors/
SATURDAY 6TH AUGUST,https://www.nrl.com/draw/nrl-premiership/2022/round-21/raiders-v-panthers/
SATURDAY 6TH AUGUST,https://www.nrl.com/draw/nrl-premiership/2022/round-21/sharks-v-dragons/
SUNDAY 7TH AUGUST,https://www.nrl.com/draw/nrl-premiership/2022/round-21/bulldogs-v-cowboys/
SUNDAY 7TH AUGUST,https://www.nrl.com/draw/nrl-premiership/2022/round-21/wests-tigers-v-knights/
THURSDAY 11TH AUGUST,https://www.nrl.com/draw/nrl-premiership/2022/round-22/panthers-v-storm/
FRIDAY 12TH AUGUST,https://www.nrl.com/draw/nrl-premiership/2022/round-22/warriors-v-bulldogs/
FRIDAY 12TH AUGUST,https://www.nrl.com/draw/nrl-premiership/2022/round-22/eels-v-rabbitohs/
SATURDAY 13TH AUGUST,https://www.nrl.com/draw/nrl-premiership/2022/round-22/roosters-v-cowboys/
SATURDAY 13TH AUGUST,https://www.nrl.com/draw/nrl-premiership/2022/round-22/wests-tigers-v-sharks/
SATURDAY 13TH AUGUST,https://www.nrl.com/draw/nrl-premiership/2022/round-22/broncos-v-knights/
SUNDAY 14TH AUGUST,https://www.nrl.com/draw/nrl-premiership/2022/round-22/raiders-v-dragons/
SUNDAY 14TH AUGUST,https://www.nrl.com/draw/nrl-premiership/2022/round-22/titans-v-sea-eagles/
THURSDAY 18TH AUGUST,https://www.nrl.com/draw/nrl-premiership/2022/round-23/rabbitohs-v-panthers/
FRIDAY 19TH AUGUST,https://www.nrl.com/draw/nrl-premiership/2022/round-23/cowboys-v-warriors/
FRIDAY 19TH AUGUST,https://www.nrl.com/draw/nrl-premiership/2022/round-23/broncos-v-storm/
SATURDAY 20TH AUGUST,https://www.nrl.com/draw/nrl-premiership/2022/round-23/eels-v-bulldogs/
SATURDAY 20TH AUGUST,https://www.nrl.com/draw/nrl-premiership/2022/round-23/sea-eagles-v-sharks/
SATURDAY 20TH AUGUST,https://www.nrl.com/draw/nrl-premiership/2022/round-23/roosters-v-wests-tigers/
SUNDAY 21ST AUGUST,https://www.nrl.com/draw/nrl-premiership/2022/round-23/dragons-v-titans/
SUNDAY 21ST AUGUST,https://www.nrl.com/draw/nrl-premiership/2022/round-23/knights-v-raiders/
THURSDAY 25TH AUGUST,https://www.nrl.com/draw/nrl-premiership/2022/round-24/broncos-v-eels/
FRIDAY 26TH AUGUST,https://www.nrl.com/draw/nrl-premiership/2022/round-24/panthers-v-warriors/
FRIDAY 26TH AUGUST,https://www.nrl.com/draw/nrl-premiership/2022/round-24/storm-v-roosters/
SATURDAY 27TH AUGUST,https://www.nrl.com/draw/nrl-premiership/2022/round-24/raiders-v-sea-eagles/
SATURDAY 27TH AUGUST,https://www.nrl.com/draw/nrl-premiership/2022/round-24/sharks-v-bulldogs/
SATURDAY 27TH AUGUST,https://www.nrl.com/draw/nrl-premiership/2022/round-24/rabbitohs-v-cowboys/
SUNDAY 28TH AUGUST,https://www.nrl.com/draw/nrl-premiership/2022/round-24/wests-tigers-v-dragons/
SUNDAY 28TH AUGUST,https://www.nrl.com/draw/nrl-premiership/2022/round-24/titans-v-knights/
THURSDAY 1ST SEPTEMBER,https://www.nrl.com/draw/nrl-premiership/2022/round-25/eels-v-storm/
FRIDAY 2ND SEPTEMBER,https://www.nrl.com/draw/nrl-premiership/2022/round-25/bulldogs-v-sea-eagles/
FRIDAY 2ND SEPTEMBER,https://www.nrl.com/draw/nrl-premiership/2022/round-25/roosters-v-rabbitohs/
SATURDAY 3RD SEPTEMBER,https://www.nrl.com/draw/nrl-premiership/2022/round-25/warriors-v-titans/
SATURDAY 3RD SEPTEMBER,https://www.nrl.com/draw/nrl-premiership/2022/round-25/dragons-v-broncos/
SATURDAY 3RD SEPTEMBER,https://www.nrl.com/draw/nrl-premiership/2022/round-25/cowboys-v-panthers/
SUNDAY 4TH SEPTEMBER,https://www.nrl.com/draw/nrl-premiership/2022/round-25/knights-v-sharks/
SUNDAY 4TH SEPTEMBER,https://www.nrl.com/draw/nrl-premiership/2022/round-25/wests-tigers-v-raiders/
FRIDAY 9TH SEPTEMBER,https://www.nrl.com/draw/nrl-premiership/2022/finals-week-1/panthers-v-eels/
SATURDAY 10TH SEPTEMBER,https://www.nrl.com/draw/nrl-premiership/2022/finals-week-1/storm-v-raiders/
SATURDAY 10TH SEPTEMBER,https://www.nrl.com/draw/nrl-premiership/2022/finals-week-1/sharks-v-cowboys/
SUNDAY 11TH SEPTEMBER,https://www.nrl.com/draw/nrl-premiership/2022/finals-week-1/roosters-v-rabbitohs/
FRIDAY 16TH SEPTEMBER,https://www.nrl.com/draw/nrl-premiership/2022/finals-week-2/eels-v-raiders/
SATURDAY 17TH SEPTEMBER,https://www.nrl.com/draw/nrl-premiership/2022/finals-week-2/sharks-v-rabbitohs/
FRIDAY 23RD SEPTEMBER,https://www.nrl.com/draw/nrl-premiership/2022/finals-week-3/cowboys-v-eels/
SATURDAY 24TH SEPTEMBER,https://www.nrl.com/draw/nrl-premiership/2022/finals-week-3/panthers-v-rabbitohs/
SUNDAY 2ND OCTOBER,https://www.nrl.com/draw/nrl-premiership/2022/grand-final/panthers-v-eels/
THURSDAY 2ND MARCH,https://www.nrl.com/draw/nrl-premiership/2023/round-1/eels-v-storm/
FRIDAY 3RD MARCH,https://www.nrl.com/draw/nrl-premiership/2023/round-1/warriors-v-knights/
FRIDAY 3RD MARCH,https://www.nrl.com/draw/nrl-premiership/2023/round-1/panthers-v-broncos/
SATURDAY 4TH MARCH,https://www.nrl.com/draw/nrl-premiership/2023/round-1/sea-eagles-v-bulldogs/
SATURDAY 4TH MARCH,https://www.nrl.com/draw/nrl-premiership/2023/round-1/cowboys-v-raiders/
SATURDAY 4TH MARCH,https://www.nrl.com/draw/nrl-premiership/2023/round-1/sharks-v-rabbitohs/
SUNDAY 5TH MARCH,https://www.nrl.com/draw/nrl-premiership/2023/round-1/dolphins-v-roosters/
SUNDAY 5TH MARCH,https://www.nrl.com/draw/nrl-premiership/2023/round-1/wests-tigers-v-titans/
THURSDAY 9TH MARCH,https://www.nrl.com/draw/nrl-premiership/2023/round-2/panthers-v-rabbitohs/
FRIDAY 10TH MARCH,https://www.nrl.com/draw/nrl-premiership/2023/round-2/eels-v-sharks/
FRIDAY 10TH MARCH,https://www.nrl.com/draw/nrl-premiership/2023/round-2/broncos-v-cowboys/
SATURDAY 11TH MARCH,https://www.nrl.com/draw/nrl-premiership/2023/round-2/roosters-v-warriors/
SATURDAY 11TH MARCH,https://www.nrl.com/draw/nrl-premiership/2023/round-2/dolphins-v-raiders/
SATURDAY 11TH MARCH,https://www.nrl.com/draw/nrl-premiership/2023/round-2/storm-v-bulldogs/
SUNDAY 12TH MARCH,https://www.nrl.com/draw/nrl-premiership/2023/round-2/wests-tigers-v-knights/
SUNDAY 12TH MARCH,https://www.nrl.com/draw/nrl-premiership/2023/round-2/dragons-v-titans/
THURSDAY 16TH MARCH,https://www.nrl.com/draw/nrl-premiership/2023/round-3/sea-eagles-v-eels/
FRIDAY 17TH MARCH,https://www.nrl.com/draw/nrl-premiership/2023/round-3/knights-v-dolphins/
FRIDAY 17TH MARCH,https://www.nrl.com/draw/nrl-premiership/2023/round-3/roosters-v-rabbitohs/
SATURDAY 18TH MARCH,https://www.nrl.com/draw/nrl-premiership/2023/round-3/titans-v-storm/
SATURDAY 18TH MARCH,https://www.nrl.com/draw/nrl-premiership/2023/round-3/cowboys-v-warriors/
SATURDAY 18TH MARCH,https://www.nrl.com/draw/nrl-premiership/2023/round-3/broncos-v-dragons/
SUNDAY 19TH MARCH,https://www.nrl.com/draw/nrl-premiership/2023/round-3/bulldogs-v-wests-tigers/
SUNDAY 19TH MARCH,https://www.nrl.com/draw/nrl-premiership/2023/round-3/raiders-v-sharks/
THURSDAY 23RD MARCH,https://www.nrl.com/draw/nrl-premiership/2023/round-4/eels-v-panthers/
FRIDAY 24TH MARCH,https://www.nrl.com/draw/nrl-premiership/2023/round-4/storm-v-wests-tigers/
FRIDAY 24TH MARCH,https://www.nrl.com/draw/nrl-premiership/2023/round-4/dolphins-v-broncos/
SATURDAY 25TH MARCH,https://www.nrl.com/draw/nrl-premiership/2023/round-4/cowboys-v-titans/
SATURDAY 25TH MARCH,https://www.nrl.com/draw/nrl-premiership/2023/round-4/rabbitohs-v-sea-eagles/
SUNDAY 26TH MARCH,https://www.nrl.com/draw/nrl-premiership/2023/round-4/warriors-v-bulldogs/
SUNDAY 26TH MARCH,https://www.nrl.com/draw/nrl-premiership/2023/round-4/knights-v-raiders/
SUNDAY 26TH MARCH,https://www.nrl.com/draw/nrl-premiership/2023/round-4/dragons-v-sharks/
THURSDAY 30TH MARCH,https://www.nrl.com/draw/nrl-premiership/2023/round-5/roosters-v-eels/
FRIDAY 31ST MARCH,https://www.nrl.com/draw/nrl-premiership/2023/round-5/raiders-v-panthers/
FRIDAY 31ST MARCH,https://www.nrl.com/draw/nrl-premiership/2023/round-5/rabbitohs-v-storm/
SATURDAY 1ST APRIL,https://www.nrl.com/draw/nrl-premiership/2023/round-5/sea-eagles-v-knights/
SATURDAY 1ST APRIL,https://www.nrl.com/draw/nrl-premiership/2023/round-5/dragons-v-dolphins/
SATURDAY 1ST APRIL,https://www.nrl.com/draw/nrl-premiership/2023/round-5/broncos-v-wests-tigers/
SUNDAY 2ND APRIL,https://www.nrl.com/draw/nrl-premiership/2023/round-5/sharks-v-warriors/
SUNDAY 2ND APRIL,https://www.nrl.com/draw/nrl-premiership/2023/round-5/bulldogs-v-cowboys/
THURSDAY 6TH APRIL,https://www.nrl.com/draw/nrl-premiership/2023/round-6/storm-v-roosters/
FRIDAY 7TH APRIL,https://www.nrl.com/draw/nrl-premiership/2023/round-6/bulldogs-v-rabbitohs/
FRIDAY 7TH APRIL,https://www.nrl.com/draw/nrl-premiership/2023/round-6/cowboys-v-dolphins/
SATURDAY 8TH APRIL,https://www.nrl.com/draw/nrl-premiership/2023/round-6/panthers-v-sea-eagles/
SATURDAY 8TH APRIL,https://www.nrl.com/draw/nrl-premiership/2023/round-6/broncos-v-raiders/
SUNDAY 9TH APRIL,https://www.nrl.com/draw/nrl-premiership/2023/round-6/titans-v-dragons/
SUNDAY 9TH APRIL,https://www.nrl.com/draw/nrl-premiership/2023/round-6/knights-v-warriors/
MONDAY 10TH APRIL,https://www.nrl.com/draw/nrl-premiership/2023/round-6/wests-tigers-v-eels/
THURSDAY 13TH APRIL,https://www.nrl.com/draw/nrl-premiership/2023/round-7/dolphins-v-rabbitohs/
FRIDAY 14TH APRIL,https://www.nrl.com/draw/nrl-premiership/2023/round-7/sharks-v-roosters/
FRIDAY 14TH APRIL,https://www.nrl.com/draw/nrl-premiership/2023/round-7/sea-eagles-v-storm/
SATURDAY 15TH APRIL,https://www.nrl.com/draw/nrl-premiership/2023/round-7/warriors-v-cowboys/
SATURDAY 15TH APRIL,https://www.nrl.com/draw/nrl-premiership/2023/round-7/knights-v-panthers/
SATURDAY 15TH APRIL,https://www.nrl.com/draw/nrl-premiership/2023/round-7/titans-v-broncos/
SUNDAY 16TH APRIL,https://www.nrl.com/draw/nrl-premiership/2023/round-7/raiders-v-dragons/
SUNDAY 16TH APRIL,https://www.nrl.com/draw/nrl-premiership/2023/round-7/eels-v-bulldogs/
THURSDAY 20TH APRIL,https://www.nrl.com/draw/nrl-premiership/2023/round-8/rabbitohs-v-panthers/
FRIDAY 21ST APRIL,https://www.nrl.com/draw/nrl-premiership/2023/round-8/eels-v-broncos/
SATURDAY 22ND APRIL,https://www.nrl.com/draw/nrl-premiership/2023/round-8/bulldogs-v-sharks/
SATURDAY 22ND APRIL,https://www.nrl.com/draw/nrl-premiership/2023/round-8/cowboys-v-knights/
SUNDAY 23RD APRIL,https://www.nrl.com/draw/nrl-premiership/2023/round-8/dolphins-v-titans/
SUNDAY 23RD APRIL,https://www.nrl.com/draw/nrl-premiership/2023/round-8/wests-tigers-v-sea-eagles/
TUESDAY 25TH APRIL,https://www.nrl.com/draw/nrl-premiership/2023/round-8/roosters-v-dragons/
TUESDAY 25TH APRIL,https://www.nrl.com/draw/nrl-premiership/2023/round-8/storm-v-warriors/
THURSDAY 27TH APRIL,https://www.nrl.com/draw/nrl-premiership/2023/round-9/sharks-v-cowboys/
FRIDAY 28TH APRIL,https://www.nrl.com/draw/nrl-premiership/2023/round-9/eels-v-knights/
FRIDAY 28TH APRIL,https://www.nrl.com/draw/nrl-premiership/2023/round-9/broncos-v-rabbitohs/
SATURDAY 29TH APRIL,https://www.nrl.com/draw/nrl-premiership/2023/round-9/raiders-v-dolphins/
SATURDAY 29TH APRIL,https://www.nrl.com/draw/nrl-premiership/2023/round-9/sea-eagles-v-titans/
SATURDAY 29TH APRIL,https://www.nrl.com/draw/nrl-premiership/2023/round-9/panthers-v-wests-tigers/
SUNDAY 30TH APRIL,https://www.nrl.com/draw/nrl-premiership/2023/round-9/warriors-v-roosters/
SUNDAY 30TH APRIL,https://www.nrl.com/draw/nrl-premiership/2023/round-9/dragons-v-bulldogs/
FRIDAY 5TH MAY,https://www.nrl.com/draw/nrl-premiership/2023/round-10/bulldogs-v-raiders/
FRIDAY 5TH MAY,https://www.nrl.com/draw/nrl-premiership/2023/round-10/sea-eagles-v-broncos/
SATURDAY 6TH MAY,https://www.nrl.com/draw/nrl-premiership/2023/round-10/warriors-v-panthers/
SATURDAY 6TH MAY,https://www.nrl.com/draw/nrl-premiership/2023/round-10/sharks-v-dolphins/
SATURDAY 6TH MAY,https://www.nrl.com/draw/nrl-premiership/2023/round-10/storm-v-rabbitohs/
SUNDAY 7TH MAY,https://www.nrl.com/draw/nrl-premiership/2023/round-10/wests-tigers-v-dragons/
SUNDAY 7TH MAY,https://www.nrl.com/draw/nrl-premiership/2023/round-10/roosters-v-cowboys/
SUNDAY 7TH MAY,https://www.nrl.com/draw/nrl-premiership/2023/round-10/titans-v-eels/
THURSDAY 11TH MAY,https://www.nrl.com/draw/nrl-premiership/2023/round-11/storm-v-broncos/
FRIDAY 12TH MAY,https://www.nrl.com/draw/nrl-premiership/2023/round-11/bulldogs-v-warriors/
FRIDAY 12TH MAY,https://www.nrl.com/draw/nrl-premiership/2023/round-11/panthers-v-roosters/
SATURDAY 13TH MAY,https://www.nrl.com/draw/nrl-premiership/2023/round-11/rabbitohs-v-wests-tigers/
SATURDAY 13TH MAY,https://www.nrl.com/draw/nrl-premiership/2023/round-11/cowboys-v-dragons/
SATURDAY 13TH MAY,https://www.nrl.com/draw/nrl-premiership/2023/round-11/raiders-v-eels/
SUNDAY 14TH MAY,https://www.nrl.com/draw/nrl-premiership/2023/round-11/knights-v-titans/
SUNDAY 14TH MAY,https://www.nrl.com/draw/nrl-premiership/2023/round-11/sea-eagles-v-sharks/
THURSDAY 18TH MAY,https://www.nrl.com/draw/nrl-premiership/2023/round-12/broncos-v-panthers/
FRIDAY 19TH MAY,https://www.nrl.com/draw/nrl-premiership/2023/round-12/dragons-v-roosters/
FRIDAY 19TH MAY,https://www.nrl.com/draw/nrl-premiership/2023/round-12/rabbitohs-v-eels/
SATURDAY 20TH MAY,https://www.nrl.com/draw/nrl-premiership/2023/round-12/sharks-v-knights/
SATURDAY 20TH MAY,https://www.nrl.com/draw/nrl-premiership/2023/round-12/wests-tigers-v-cowboys/
SATURDAY 20TH MAY,https://www.nrl.com/draw/nrl-premiership/2023/round-12/dolphins-v-storm/
SUNDAY 21ST MAY,https://www.nrl.com/draw/nrl-premiership/2023/round-12/bulldogs-v-titans/
SUNDAY 21ST MAY,https://www.nrl.com/draw/nrl-premiership/2023/round-12/raiders-v-sea-eagles/
THURSDAY 25TH MAY,https://www.nrl.com/draw/nrl-premiership/2023/round-13/dolphins-v-dragons/
FRIDAY 26TH MAY,https://www.nrl.com/draw/nrl-premiership/2023/round-13/eels-v-cowboys/
SATURDAY 27TH MAY,https://www.nrl.com/draw/nrl-premiership/2023/round-13/warriors-v-broncos/
SATURDAY 27TH MAY,https://www.nrl.com/draw/nrl-premiership/2023/round-13/rabbitohs-v-raiders/
SUNDAY 28TH MAY,https://www.nrl.com/draw/nrl-premiership/2023/round-13/knights-v-sea-eagles/
FRIDAY 2ND JUNE,https://www.nrl.com/draw/nrl-premiership/2023/round-14/wests-tigers-v-raiders/
SATURDAY 3RD JUNE,https://www.nrl.com/draw/nrl-premiership/2023/round-14/warriors-v-dolphins/
SATURDAY 3RD JUNE,https://www.nrl.com/draw/nrl-premiership/2023/round-14/titans-v-rabbitohs/
SATURDAY 3RD JUNE,https://www.nrl.com/draw/nrl-premiership/2023/round-14/sharks-v-broncos/
SUNDAY 4TH JUNE,https://www.nrl.com/draw/nrl-premiership/2023/round-14/roosters-v-bulldogs/
SUNDAY 4TH JUNE,https://www.nrl.com/draw/nrl-premiership/2023/round-14/cowboys-v-storm/
SUNDAY 4TH JUNE,https://www.nrl.com/draw/nrl-premiership/2023/round-14/panthers-v-dragons/
THURSDAY 8TH JUNE,https://www.nrl.com/draw/nrl-premiership/2023/round-15/titans-v-wests-tigers/
FRIDAY 9TH JUNE,https://www.nrl.com/draw/nrl-premiership/2023/round-15/raiders-v-warriors/
FRIDAY 9TH JUNE,https://www.nrl.com/draw/nrl-premiership/2023/round-15/sea-eagles-v-dolphins/
SATURDAY 10TH JUNE,https://www.nrl.com/draw/nrl-premiership/2023/round-15/dragons-v-rabbitohs/
SATURDAY 10TH JUNE,https://www.nrl.com/draw/nrl-premiership/2023/round-15/broncos-v-knights/
SATURDAY 10TH JUNE,https://www.nrl.com/draw/nrl-premiership/2023/round-15/roosters-v-panthers/
SUNDAY 11TH JUNE,https://www.nrl.com/draw/nrl-premiership/2023/round-15/storm-v-sharks/
MONDAY 12TH JUNE,https://www.nrl.com/draw/nrl-premiership/2023/round-15/bulldogs-v-eels/
FRIDAY 16TH JUNE,https://www.nrl.com/draw/nrl-premiership/2023/round-16/cowboys-v-panthers/
SATURDAY 17TH JUNE,https://www.nrl.com/draw/nrl-premiership/2023/round-16/knights-v-roosters/
SATURDAY 17TH JUNE,https://www.nrl.com/draw/nrl-premiership/2023/round-16/eels-v-sea-eagles/
SATURDAY 17TH JUNE,https://www.nrl.com/draw/nrl-premiership/2023/round-16/wests-tigers-v-storm/
SUNDAY 18TH JUNE,https://www.nrl.com/draw/nrl-premiership/2023/round-16/sharks-v-bulldogs/
FRIDAY 23RD JUNE,https://www.nrl.com/draw/nrl-premiership/2023/round-17/dragons-v-warriors/
SATURDAY 24TH JUNE,https://www.nrl.com/draw/nrl-premiership/2023/round-17/dolphins-v-eels/
SATURDAY 24TH JUNE,https://www.nrl.com/draw/nrl-premiership/2023/round-17/panthers-v-knights/
SATURDAY 24TH JUNE,https://www.nrl.com/draw/nrl-premiership/2023/round-17/storm-v-sea-eagles/
SUNDAY 25TH JUNE,https://www.nrl.com/draw/nrl-premiership/2023/round-17/broncos-v-titans/
SUNDAY 25TH JUNE,https://www.nrl.com/draw/nrl-premiership/2023/round-17/rabbitohs-v-cowboys/
SUNDAY 25TH JUNE,https://www.nrl.com/draw/nrl-premiership/2023/round-17/roosters-v-raiders/
THURSDAY 29TH JUNE,https://www.nrl.com/draw/nrl-premiership/2023/round-18/sharks-v-dragons/
FRIDAY 30TH JUNE,https://www.nrl.com/draw/nrl-premiership/2023/round-18/warriors-v-rabbitohs/
FRIDAY 30TH JUNE,https://www.nrl.com/draw/nrl-premiership/2023/round-18/storm-v-panthers/
SATURDAY 1ST JULY,https://www.nrl.com/draw/nrl-premiership/2023/round-18/raiders-v-titans/
SATURDAY 1ST JULY,https://www.nrl.com/draw/nrl-premiership/2023/round-18/cowboys-v-wests-tigers/
SATURDAY 1ST JULY,https://www.nrl.com/draw/nrl-premiership/2023/round-18/broncos-v-dolphins/
SUNDAY 2ND JULY,https://www.nrl.com/draw/nrl-premiership/2023/round-18/bulldogs-v-knights/
SUNDAY 2ND JULY,https://www.nrl.com/draw/nrl-premiership/2023/round-18/sea-eagles-v-roosters/
THURSDAY 6TH JULY,https://www.nrl.com/draw/nrl-premiership/2023/round-19/wests-tigers-v-sharks/
FRIDAY 7TH JULY,https://www.nrl.com/draw/nrl-premiership/2023/round-19/dragons-v-raiders/
SATURDAY 8TH JULY,https://www.nrl.com/draw/nrl-premiership/2023/round-19/eels-v-warriors/
SATURDAY 8TH JULY,https://www.nrl.com/draw/nrl-premiership/2023/round-19/rabbitohs-v-bulldogs/
SUNDAY 9TH JULY,https://www.nrl.com/draw/nrl-premiership/2023/round-19/titans-v-dolphins/
FRIDAY 14TH JULY,https://www.nrl.com/draw/nrl-premiership/2023/round-20/knights-v-wests-tigers/
SATURDAY 15TH JULY,https://www.nrl.com/draw/nrl-premiership/2023/round-20/bulldogs-v-broncos/
SATURDAY 15TH JULY,https://www.nrl.com/draw/nrl-premiership/2023/round-20/sea-eagles-v-cowboys/
SATURDAY 15TH JULY,https://www.nrl.com/draw/nrl-premiership/2023/round-20/roosters-v-storm/
SUNDAY 16TH JULY,https://www.nrl.com/draw/nrl-premiership/2023/round-20/warriors-v-sharks/
SUNDAY 16TH JULY,https://www.nrl.com/draw/nrl-premiership/2023/round-20/dolphins-v-panthers/
SUNDAY 16TH JULY,https://www.nrl.com/draw/nrl-premiership/2023/round-20/eels-v-titans/
THURSDAY 20TH JULY,https://www.nrl.com/draw/nrl-premiership/2023/round-21/dragons-v-wests-tigers/
FRIDAY 21ST JULY,https://www.nrl.com/draw/nrl-premiership/2023/round-21/warriors-v-raiders/
FRIDAY 21ST JULY,https://www.nrl.com/draw/nrl-premiership/2023/round-21/rabbitohs-v-broncos/
SATURDAY 22ND JULY,https://www.nrl.com/draw/nrl-premiership/2023/round-21/titans-v-roosters/
SATURDAY 22ND JULY,https://www.nrl.com/draw/nrl-premiership/2023/round-21/knights-v-storm/
SATURDAY 22ND JULY,https://www.nrl.com/draw/nrl-premiership/2023/round-21/cowboys-v-eels/
SUNDAY 23RD JULY,https://www.nrl.com/draw/nrl-premiership/2023/round-21/panthers-v-bulldogs/
SUNDAY 23RD JULY,https://www.nrl.com/draw/nrl-premiership/2023/round-21/sharks-v-sea-eagles/
THURSDAY 27TH JULY,https://www.nrl.com/draw/nrl-premiership/2023/round-22/broncos-v-roosters/
FRIDAY 28TH JULY,https://www.nrl.com/draw/nrl-premiership/2023/round-22/wests-tigers-v-rabbitohs/
FRIDAY 28TH JULY,https://www.nrl.com/draw/nrl-premiership/2023/round-22/storm-v-eels/
SATURDAY 29TH JULY,https://www.nrl.com/draw/nrl-premiership/2023/round-22/raiders-v-knights/
SATURDAY 29TH JULY,https://www.nrl.com/draw/nrl-premiership/2023/round-22/dragons-v-sea-eagles/
SATURDAY 29TH JULY,https://www.nrl.com/draw/nrl-premiership/2023/round-22/panthers-v-sharks/
SUNDAY 30TH JULY,https://www.nrl.com/draw/nrl-premiership/2023/round-22/bulldogs-v-dolphins/
SUNDAY 30TH JULY,https://www.nrl.com/draw/nrl-premiership/2023/round-22/titans-v-cowboys/
THURSDAY 3RD AUGUST,https://www.nrl.com/draw/nrl-premiership/2023/round-23/roosters-v-sea-eagles/
FRIDAY 4TH AUGUST,https://www.nrl.com/draw/nrl-premiership/2023/round-23/titans-v-warriors/
FRIDAY 4TH AUGUST,https://www.nrl.com/draw/nrl-premiership/2023/round-23/panthers-v-storm/
SATURDAY 5TH AUGUST,https://www.nrl.com/draw/nrl-premiership/2023/round-23/cowboys-v-broncos/
SATURDAY 5TH AUGUST,https://www.nrl.com/draw/nrl-premiership/2023/round-23/dolphins-v-knights/
SATURDAY 5TH AUGUST,https://www.nrl.com/draw/nrl-premiership/2023/round-23/rabbitohs-v-sharks/
SUNDAY 6TH AUGUST,https://www.nrl.com/draw/nrl-premiership/2023/round-23/eels-v-dragons/
SUNDAY 6TH AUGUST,https://www.nrl.com/draw/nrl-premiership/2023/round-23/raiders-v-wests-tigers/
THURSDAY 10TH AUGUST,https://www.nrl.com/draw/nrl-premiership/2023/round-24/sea-eagles-v-panthers/
FRIDAY 11TH AUGUST,https://www.nrl.com/draw/nrl-premiership/2023/round-24/sharks-v-titans/
FRIDAY 11TH AUGUST,https://www.nrl.com/draw/nrl-premiership/2023/round-24/broncos-v-eels/
SATURDAY 12TH AUGUST,https://www.nrl.com/draw/nrl-premiership/2023/round-24/rabbitohs-v-dragons/
SATURDAY 12TH AUGUST,https://www.nrl.com/draw/nrl-premiership/2023/round-24/wests-tigers-v-warriors/
SATURDAY 12TH AUGUST,https://www.nrl.com/draw/nrl-premiership/2023/round-24/roosters-v-dolphins/
SUNDAY 13TH AUGUST,https://www.nrl.com/draw/nrl-premiership/2023/round-24/storm-v-raiders/
SUNDAY 13TH AUGUST,https://www.nrl.com/draw/nrl-premiership/2023/round-24/knights-v-bulldogs/
THURSDAY 17TH AUGUST,https://www.nrl.com/draw/nrl-premiership/2023/round-25/cowboys-v-sharks/
FRIDAY 18TH AUGUST,https://www.nrl.com/draw/nrl-premiership/2023/round-25/warriors-v-sea-eagles/
FRIDAY 18TH AUGUST,https://www.nrl.com/draw/nrl-premiership/2023/round-25/eels-v-roosters/
SATURDAY 19TH AUGUST,https://www.nrl.com/draw/nrl-premiership/2023/round-25/titans-v-panthers/
SATURDAY 19TH AUGUST,https://www.nrl.com/draw/nrl-premiership/2023/round-25/dragons-v-storm/
SUNDAY 20TH AUGUST,https://www.nrl.com/draw/nrl-premiership/2023/round-25/knights-v-rabbitohs/
SUNDAY 20TH AUGUST,https://www.nrl.com/draw/nrl-premiership/2023/round-25/raiders-v-bulldogs/
THURSDAY 24TH AUGUST,https://www.nrl.com/draw/nrl-premiership/2023/round-26/panthers-v-eels/
FRIDAY 25TH AUGUST,https://www.nrl.com/draw/nrl-premiership/2023/round-26/warriors-v-dragons/
FRIDAY 25TH AUGUST,https://www.nrl.com/draw/nrl-premiership/2023/round-26/dolphins-v-cowboys/
SATURDAY 26TH AUGUST,https://www.nrl.com/draw/nrl-premiership/2023/round-26/storm-v-titans/
SATURDAY 26TH AUGUST,https://www.nrl.com/draw/nrl-premiership/2023/round-26/roosters-v-wests-tigers/
SATURDAY 26TH AUGUST,https://www.nrl.com/draw/nrl-premiership/2023/round-26/raiders-v-broncos/
SUNDAY 27TH AUGUST,https://www.nrl.com/draw/nrl-premiership/2023/round-26/bulldogs-v-sea-eagles/
SUNDAY 27TH AUGUST,https://www.nrl.com/draw/nrl-premiership/2023/round-26/knights-v-sharks/
THURSDAY 31ST AUGUST,https://www.nrl.com/draw/nrl-premiership/2023/round-27/broncos-v-storm/
FRIDAY 1ST SEPTEMBER,https://www.nrl.com/draw/nrl-premiership/2023/round-27/sea-eagles-v-wests-tigers/
FRIDAY 1ST SEPTEMBER,https://www.nrl.com/draw/nrl-premiership/2023/round-27/rabbitohs-v-roosters/
SATURDAY 2ND SEPTEMBER,https://www.nrl.com/draw/nrl-premiership/2023/round-27/dolphins-v-warriors/
SATURDAY 2ND SEPTEMBER,https://www.nrl.com/draw/nrl-premiership/2023/round-27/panthers-v-cowboys/
SATURDAY 2ND SEPTEMBER,https://www.nrl.com/draw/nrl-premiership/2023/round-27/dragons-v-knights/
SUNDAY 3RD SEPTEMBER,https://www.nrl.com/draw/nrl-premiership/2023/round-27/titans-v-bulldogs/
SUNDAY 3RD SEPTEMBER,https://www.nrl.com/draw/nrl-premiership/2023/round-27/sharks-v-raiders/
FRIDAY 8TH SEPTEMBER,https://www.nrl.com/draw/nrl-premiership/2023/finals-week-1/broncos-v-storm/
SATURDAY 9TH SEPTEMBER,https://www.nrl.com/draw/nrl-premiership/2023/finals-week-1/panthers-v-warriors/
SATURDAY 9TH SEPTEMBER,https://www.nrl.com/draw/nrl-premiership/2023/finals-week-1/sharks-v-roosters/
SUNDAY 10TH SEPTEMBER,https://www.nrl.com/draw/nrl-premiership/2023/finals-week-1/knights-v-raiders/
FRIDAY 15TH SEPTEMBER,https://www.nrl.com/draw/nrl-premiership/2023/finals-week-2/storm-v-roosters/
SATURDAY 16TH SEPTEMBER,https://www.nrl.com/draw/nrl-premiership/2023/finals-week-2/warriors-v-knights/
FRIDAY 22ND SEPTEMBER,https://www.nrl.com/draw/nrl-premiership/2023/finals-week-3/panthers-v-storm/
SATURDAY 23RD SEPTEMBER,https://www.nrl.com/draw/nrl-premiership/2023/finals-week-3/broncos-v-warriors/
SUNDAY 1ST OCTOBER,https://www.nrl.com/draw/nrl-premiership/2023/grand-final/panthers-v-broncos/
SUNDAY 3RD MARCH,https://www.nrl.com/draw/nrl-premiership/2024/round-1/sea-eagles-v-rabbitohs/
SUNDAY 3RD MARCH,https://www.nrl.com/draw/nrl-premiership/2024/round-1/roosters-v-broncos/
THURSDAY 7TH MARCH,https://www.nrl.com/draw/nrl-premiership/2024/round-1/knights-v-raiders/
FRIDAY 8TH MARCH,https://www.nrl.com/draw/nrl-premiership/2024/round-1/warriors-v-sharks/
FRIDAY 8TH MARCH,https://www.nrl.com/draw/nrl-premiership/2024/round-1/storm-v-panthers/
SATURDAY 9TH MARCH,https://www.nrl.com/draw/nrl-premiership/2024/round-1/eels-v-bulldogs/
SATURDAY 9TH MARCH,https://www.nrl.com/draw/nrl-premiership/2024/round-1/titans-v-dragons/
SUNDAY 10TH MARCH,https://www.nrl.com/draw/nrl-premiership/2024/round-1/dolphins-v-cowboys/
THURSDAY 14TH MARCH,https://www.nrl.com/draw/nrl-premiership/2024/round-2/broncos-v-rabbitohs/
FRIDAY 15TH MARCH,https://www.nrl.com/draw/nrl-premiership/2024/round-2/sharks-v-bulldogs/
FRIDAY 15TH MARCH,https://www.nrl.com/draw/nrl-premiership/2024/round-2/panthers-v-eels/
SATURDAY 16TH MARCH,https://www.nrl.com/draw/nrl-premiership/2024/round-2/raiders-v-wests-tigers/
SATURDAY 16TH MARCH,https://www.nrl.com/draw/nrl-premiership/2024/round-2/cowboys-v-knights/
SATURDAY 16TH MARCH,https://www.nrl.com/draw/nrl-premiership/2024/round-2/storm-v-warriors/
SUNDAY 17TH MARCH,https://www.nrl.com/draw/nrl-premiership/2024/round-2/sea-eagles-v-roosters/
SUNDAY 17TH MARCH,https://www.nrl.com/draw/nrl-premiership/2024/round-2/dolphins-v-dragons/
THURSDAY 21ST MARCH,https://www.nrl.com/draw/nrl-premiership/2024/round-3/panthers-v-broncos/
FRIDAY 22ND MARCH,https://www.nrl.com/draw/nrl-premiership/2024/round-3/warriors-v-raiders/
FRIDAY 22ND MARCH,https://www.nrl.com/draw/nrl-premiership/2024/round-3/roosters-v-rabbitohs/
SATURDAY 23RD MARCH,https://www.nrl.com/draw/nrl-premiership/2024/round-3/bulldogs-v-titans/
SATURDAY 23RD MARCH,https://www.nrl.com/draw/nrl-premiership/2024/round-3/dragons-v-cowboys/
SATURDAY 23RD MARCH,https://www.nrl.com/draw/nrl-premiership/2024/round-3/wests-tigers-v-sharks/
SUNDAY 24TH MARCH,https://www.nrl.com/draw/nrl-premiership/2024/round-3/eels-v-sea-eagles/
SUNDAY 24TH MARCH,https://www.nrl.com/draw/nrl-premiership/2024/round-3/knights-v-storm/
THURSDAY 28TH MARCH,https://www.nrl.com/draw/nrl-premiership/2024/round-4/roosters-v-panthers/
FRIDAY 29TH MARCH,https://www.nrl.com/draw/nrl-premiership/2024/round-4/rabbitohs-v-bulldogs/
FRIDAY 29TH MARCH,https://www.nrl.com/draw/nrl-premiership/2024/round-4/broncos-v-cowboys/
SATURDAY 30TH MARCH,https://www.nrl.com/draw/nrl-premiership/2024/round-4/dragons-v-sea-eagles/
SATURDAY 30TH MARCH,https://www.nrl.com/draw/nrl-premiership/2024/round-4/titans-v-dolphins/
SUNDAY 31ST MARCH,https://www.nrl.com/draw/nrl-premiership/2024/round-4/warriors-v-knights/
SUNDAY 31ST MARCH,https://www.nrl.com/draw/nrl-premiership/2024/round-4/sharks-v-raiders/
MONDAY 1ST APRIL,https://www.nrl.com/draw/nrl-premiership/2024/round-4/eels-v-wests-tigers/
THURSDAY 4TH APRIL,https://www.nrl.com/draw/nrl-premiership/2024/round-5/storm-v-broncos/
FRIDAY 5TH APRIL,https://www.nrl.com/draw/nrl-premiership/2024/round-5/bulldogs-v-roosters/
FRIDAY 5TH APRIL,https://www.nrl.com/draw/nrl-premiership/2024/round-5/knights-v-dragons/
SATURDAY 6TH APRIL,https://www.nrl.com/draw/nrl-premiership/2024/round-5/rabbitohs-v-warriors/
SATURDAY 6TH APRIL,https://www.nrl.com/draw/nrl-premiership/2024/round-5/sea-eagles-v-panthers/
SATURDAY 6TH APRIL,https://www.nrl.com/draw/nrl-premiership/2024/round-5/dolphins-v-wests-tigers/
SUNDAY 7TH APRIL,https://www.nrl.com/draw/nrl-premiership/2024/round-5/cowboys-v-titans/
SUNDAY 7TH APRIL,https://www.nrl.com/draw/nrl-premiership/2024/round-5/raiders-v-eels/
THURSDAY 11TH APRIL,https://www.nrl.com/draw/nrl-premiership/2024/round-6/knights-v-roosters/
FRIDAY 12TH APRIL,https://www.nrl.com/draw/nrl-premiership/2024/round-6/storm-v-bulldogs/
FRIDAY 12TH APRIL,https://www.nrl.com/draw/nrl-premiership/2024/round-6/broncos-v-dolphins/
SATURDAY 13TH APRIL,https://www.nrl.com/draw/nrl-premiership/2024/round-6/warriors-v-sea-eagles/
SATURDAY 13TH APRIL,https://www.nrl.com/draw/nrl-premiership/2024/round-6/eels-v-cowboys/
SATURDAY 13TH APRIL,https://www.nrl.com/draw/nrl-premiership/2024/round-6/rabbitohs-v-sharks/
SUNDAY 14TH APRIL,https://www.nrl.com/draw/nrl-premiership/2024/round-6/wests-tigers-v-dragons/
SUNDAY 14TH APRIL,https://www.nrl.com/draw/nrl-premiership/2024/round-6/raiders-v-titans/
THURSDAY 18TH APRIL,https://www.nrl.com/draw/nrl-premiership/2024/round-7/roosters-v-storm/
FRIDAY 19TH APRIL,https://www.nrl.com/draw/nrl-premiership/2024/round-7/dragons-v-warriors/
FRIDAY 19TH APRIL,https://www.nrl.com/draw/nrl-premiership/2024/round-7/eels-v-dolphins/
SATURDAY 20TH APRIL,https://www.nrl.com/draw/nrl-premiership/2024/round-7/panthers-v-wests-tigers/
SATURDAY 20TH APRIL,https://www.nrl.com/draw/nrl-premiership/2024/round-7/titans-v-sea-eagles/
SATURDAY 20TH APRIL,https://www.nrl.com/draw/nrl-premiership/2024/round-7/broncos-v-raiders/
SUNDAY 21ST APRIL,https://www.nrl.com/draw/nrl-premiership/2024/round-7/bulldogs-v-knights/
SUNDAY 21ST APRIL,https://www.nrl.com/draw/nrl-premiership/2024/round-7/sharks-v-cowboys/
THURSDAY 25TH APRIL,https://www.nrl.com/draw/nrl-premiership/2024/round-8/warriors-v-titans/
THURSDAY 25TH APRIL,https://www.nrl.com/draw/nrl-premiership/2024/round-8/storm-v-rabbitohs/
FRIDAY 26TH APRIL,https://www.nrl.com/draw/nrl-premiership/2024/round-8/sea-eagles-v-eels/
SATURDAY 27TH APRIL,https://www.nrl.com/draw/nrl-premiership/2024/round-8/wests-tigers-v-broncos/
SATURDAY 27TH APRIL,https://www.nrl.com/draw/nrl-premiership/2024/round-8/cowboys-v-panthers/
SUNDAY 28TH APRIL,https://www.nrl.com/draw/nrl-premiership/2024/round-8/dolphins-v-knights/
SUNDAY 28TH APRIL,https://www.nrl.com/draw/nrl-premiership/2024/round-8/raiders-v-sharks/
THURSDAY 2ND MAY,https://www.nrl.com/draw/nrl-premiership/2024/round-9/rabbitohs-v-panthers/
FRIDAY 3RD MAY,https://www.nrl.com/draw/nrl-premiership/2024/round-9/sea-eagles-v-raiders/
FRIDAY 3RD MAY,https://www.nrl.com/draw/nrl-premiership/2024/round-9/broncos-v-roosters/
SATURDAY 4TH MAY,https://www.nrl.com/draw/nrl-premiership/2024/round-9/bulldogs-v-wests-tigers/
SATURDAY 4TH MAY,https://www.nrl.com/draw/nrl-premiership/2024/round-9/titans-v-storm/
SATURDAY 4TH MAY,https://www.nrl.com/draw/nrl-premiership/2024/round-9/cowboys-v-dolphins/
SUNDAY 5TH MAY,https://www.nrl.com/draw/nrl-premiership/2024/round-9/knights-v-warriors/
SUNDAY 5TH MAY,https://www.nrl.com/draw/nrl-premiership/2024/round-9/sharks-v-dragons/
THURSDAY 9TH MAY,https://www.nrl.com/draw/nrl-premiership/2024/round-10/dolphins-v-sea-eagles/
FRIDAY 10TH MAY,https://www.nrl.com/draw/nrl-premiership/2024/round-10/panthers-v-bulldogs/
FRIDAY 10TH MAY,https://www.nrl.com/draw/nrl-premiership/2024/round-10/eels-v-broncos/
SATURDAY 11TH MAY,https://www.nrl.com/draw/nrl-premiership/2024/round-10/wests-tigers-v-knights/
SATURDAY 11TH MAY,https://www.nrl.com/draw/nrl-premiership/2024/round-10/dragons-v-rabbitohs/
SATURDAY 11TH MAY,https://www.nrl.com/draw/nrl-premiership/2024/round-10/storm-v-sharks/
SUNDAY 12TH MAY,https://www.nrl.com/draw/nrl-premiership/2024/round-10/roosters-v-warriors/
SUNDAY 12TH MAY,https://www.nrl.com/draw/nrl-premiership/2024/round-10/titans-v-cowboys/
FRIDAY 17TH MAY,https://www.nrl.com/draw/nrl-premiership/2024/round-11/raiders-v-bulldogs/
FRIDAY 17TH MAY,https://www.nrl.com/draw/nrl-premiership/2024/round-11/sea-eagles-v-broncos/
SATURDAY 18TH MAY,https://www.nrl.com/draw/nrl-premiership/2024/round-11/titans-v-knights/
SATURDAY 18TH MAY,https://www.nrl.com/draw/nrl-premiership/2024/round-11/sharks-v-roosters/
SATURDAY 18TH MAY,https://www.nrl.com/draw/nrl-premiership/2024/round-11/rabbitohs-v-cowboys/
SUNDAY 19TH MAY,https://www.nrl.com/draw/nrl-premiership/2024/round-11/warriors-v-panthers/
SUNDAY 19TH MAY,https://www.nrl.com/draw/nrl-premiership/2024/round-11/storm-v-eels/
SUNDAY 19TH MAY,https://www.nrl.com/draw/nrl-premiership/2024/round-11/wests-tigers-v-dolphins/
THURSDAY 23RD MAY,https://www.nrl.com/draw/nrl-premiership/2024/round-12/bulldogs-v-dragons/
FRIDAY 24TH MAY,https://www.nrl.com/draw/nrl-premiership/2024/round-12/cowboys-v-wests-tigers/
FRIDAY 24TH MAY,https://www.nrl.com/draw/nrl-premiership/2024/round-12/sea-eagles-v-storm/
SATURDAY 25TH MAY,https://www.nrl.com/draw/nrl-premiership/2024/round-12/raiders-v-roosters/
SATURDAY 25TH MAY,https://www.nrl.com/draw/nrl-premiership/2024/round-12/sharks-v-panthers/
SATURDAY 25TH MAY,https://www.nrl.com/draw/nrl-premiership/2024/round-12/rabbitohs-v-eels/
SUNDAY 26TH MAY,https://www.nrl.com/draw/nrl-premiership/2024/round-12/broncos-v-titans/
SUNDAY 26TH MAY,https://www.nrl.com/draw/nrl-premiership/2024/round-12/warriors-v-dolphins/
THURSDAY 30TH MAY,https://www.nrl.com/draw/nrl-premiership/2024/round-13/eels-v-sharks/
FRIDAY 31ST MAY,https://www.nrl.com/draw/nrl-premiership/2024/round-13/knights-v-bulldogs/
SATURDAY 1ST JUNE,https://www.nrl.com/draw/nrl-premiership/2024/round-13/panthers-v-dragons/
SATURDAY 1ST JUNE,https://www.nrl.com/draw/nrl-premiership/2024/round-13/dolphins-v-raiders/
SUNDAY 2ND JUNE,https://www.nrl.com/draw/nrl-premiership/2024/round-13/roosters-v-cowboys/
FRIDAY 7TH JUNE,https://www.nrl.com/draw/nrl-premiership/2024/round-14/dragons-v-wests-tigers/
SATURDAY 8TH JUNE,https://www.nrl.com/draw/nrl-premiership/2024/round-14/titans-v-rabbitohs/
SATURDAY 8TH JUNE,https://www.nrl.com/draw/nrl-premiership/2024/round-14/cowboys-v-warriors/
SATURDAY 8TH JUNE,https://www.nrl.com/draw/nrl-premiership/2024/round-14/broncos-v-sharks/
SUNDAY 9TH JUNE,https://www.nrl.com/draw/nrl-premiership/2024/round-14/storm-v-knights/
SUNDAY 9TH JUNE,https://www.nrl.com/draw/nrl-premiership/2024/round-14/panthers-v-sea-eagles/
MONDAY 10TH JUNE,https://www.nrl.com/draw/nrl-premiership/2024/round-14/bulldogs-v-eels/
THURSDAY 13TH JUNE,https://www.nrl.com/draw/nrl-premiership/2024/round-15/sharks-v-dolphins/
FRIDAY 14TH JUNE,https://www.nrl.com/draw/nrl-premiership/2024/round-15/raiders-v-cowboys/
FRIDAY 14TH JUNE,https://www.nrl.com/draw/nrl-premiership/2024/round-15/rabbitohs-v-broncos/
SATURDAY 15TH JUNE,https://www.nrl.com/draw/nrl-premiership/2024/round-15/wests-tigers-v-titans/
SATURDAY 15TH JUNE,https://www.nrl.com/draw/nrl-premiership/2024/round-15/warriors-v-storm/
SATURDAY 15TH JUNE,https://www.nrl.com/draw/nrl-premiership/2024/round-15/eels-v-roosters/
SUNDAY 16TH JUNE,https://www.nrl.com/draw/nrl-premiership/2024/round-15/sea-eagles-v-dragons/
SUNDAY 16TH JUNE,https://www.nrl.com/draw/nrl-premiership/2024/round-15/knights-v-panthers/
FRIDAY 21ST JUNE,https://www.nrl.com/draw/nrl-premiership/2024/round-16/dolphins-v-storm/
SATURDAY 22ND JUNE,https://www.nrl.com/draw/nrl-premiership/2024/round-16/titans-v-warriors/
SATURDAY 22ND JUNE,https://www.nrl.com/draw/nrl-premiership/2024/round-16/roosters-v-bulldogs/
SATURDAY 22ND JUNE,https://www.nrl.com/draw/nrl-premiership/2024/round-16/rabbitohs-v-sea-eagles/
SUNDAY 23RD JUNE,https://www.nrl.com/draw/nrl-premiership/2024/round-16/wests-tigers-v-raiders/
FRIDAY 28TH JUNE,https://www.nrl.com/draw/nrl-premiership/2024/round-17/bulldogs-v-sharks/
SATURDAY 29TH JUNE,https://www.nrl.com/draw/nrl-premiership/2024/round-17/warriors-v-broncos/
SATURDAY 29TH JUNE,https://www.nrl.com/draw/nrl-premiership/2024/round-17/knights-v-eels/
SATURDAY 29TH JUNE,https://www.nrl.com/draw/nrl-premiership/2024/round-17/storm-v-raiders/
SUNDAY 30TH JUNE,https://www.nrl.com/draw/nrl-premiership/2024/round-17/dragons-v-dolphins/
SUNDAY 30TH JUNE,https://www.nrl.com/draw/nrl-premiership/2024/round-17/panthers-v-cowboys/
SUNDAY 30TH JUNE,https://www.nrl.com/draw/nrl-premiership/2024/round-17/roosters-v-wests-tigers/
THURSDAY 4TH JULY,https://www.nrl.com/draw/nrl-premiership/2024/round-18/eels-v-rabbitohs/
FRIDAY 5TH JULY,https://www.nrl.com/draw/nrl-premiership/2024/round-18/sharks-v-titans/
FRIDAY 5TH JULY,https://www.nrl.com/draw/nrl-premiership/2024/round-18/broncos-v-panthers/
SATURDAY 6TH JULY,https://www.nrl.com/draw/nrl-premiership/2024/round-18/bulldogs-v-warriors/
SATURDAY 6TH JULY,https://www.nrl.com/draw/nrl-premiership/2024/round-18/wests-tigers-v-storm/
SATURDAY 6TH JULY,https://www.nrl.com/draw/nrl-premiership/2024/round-18/cowboys-v-sea-eagles/
SUNDAY 7TH JULY,https://www.nrl.com/draw/nrl-premiership/2024/round-18/roosters-v-dragons/
SUNDAY 7TH JULY,https://www.nrl.com/draw/nrl-premiership/2024/round-18/raiders-v-knights/
THURSDAY 11TH JULY,https://www.nrl.com/draw/nrl-premiership/2024/round-19/dolphins-v-rabbitohs/
FRIDAY 12TH JULY,https://www.nrl.com/draw/nrl-premiership/2024/round-19/sharks-v-wests-tigers/
SATURDAY 13TH JULY,https://www.nrl.com/draw/nrl-premiership/2024/round-19/titans-v-eels/
SATURDAY 13TH JULY,https://www.nrl.com/draw/nrl-premiership/2024/round-19/broncos-v-dragons/
SUNDAY 14TH JULY,https://www.nrl.com/draw/nrl-premiership/2024/round-19/sea-eagles-v-knights/
FRIDAY 19TH JULY,https://www.nrl.com/draw/nrl-premiership/2024/round-20/raiders-v-warriors/
SATURDAY 20TH JULY,https://www.nrl.com/draw/nrl-premiership/2024/round-20/rabbitohs-v-wests-tigers/
SATURDAY 20TH JULY,https://www.nrl.com/draw/nrl-premiership/2024/round-20/knights-v-broncos/
SATURDAY 20TH JULY,https://www.nrl.com/draw/nrl-premiership/2024/round-20/storm-v-roosters/
SUNDAY 21ST JULY,https://www.nrl.com/draw/nrl-premiership/2024/round-20/panthers-v-dolphins/
SUNDAY 21ST JULY,https://www.nrl.com/draw/nrl-premiership/2024/round-20/sea-eagles-v-titans/
SUNDAY 21ST JULY,https://www.nrl.com/draw/nrl-premiership/2024/round-20/cowboys-v-bulldogs/
FRIDAY 26TH JULY,https://www.nrl.com/draw/nrl-premiership/2024/round-21/warriors-v-wests-tigers/
FRIDAY 26TH JULY,https://www.nrl.com/draw/nrl-premiership/2024/round-21/eels-v-storm/
SATURDAY 27TH JULY,https://www.nrl.com/draw/nrl-premiership/2024/round-21/broncos-v-bulldogs/
SATURDAY 27TH JULY,https://www.nrl.com/draw/nrl-premiership/2024/round-21/cowboys-v-sharks/
SATURDAY 27TH JULY,https://www.nrl.com/draw/nrl-premiership/2024/round-21/roosters-v-sea-eagles/
SUNDAY 28TH JULY,https://www.nrl.com/draw/nrl-premiership/2024/round-21/dragons-v-panthers/
SUNDAY 28TH JULY,https://www.nrl.com/draw/nrl-premiership/2024/round-21/dolphins-v-titans/
SUNDAY 28TH JULY,https://www.nrl.com/draw/nrl-premiership/2024/round-21/raiders-v-rabbitohs/
THURSDAY 1ST AUGUST,https://www.nrl.com/draw/nrl-premiership/2024/round-22/wests-tigers-v-cowboys/
FRIDAY 2ND AUGUST,https://www.nrl.com/draw/nrl-premiership/2024/round-22/warriors-v-eels/
FRIDAY 2ND AUGUST,https://www.nrl.com/draw/nrl-premiership/2024/round-22/dolphins-v-roosters/
SATURDAY 3RD AUGUST,https://www.nrl.com/draw/nrl-premiership/2024/round-22/titans-v-broncos/
SATURDAY 3RD AUGUST,https://www.nrl.com/draw/nrl-premiership/2024/round-22/storm-v-dragons/
SATURDAY 3RD AUGUST,https://www.nrl.com/draw/nrl-premiership/2024/round-22/sharks-v-rabbitohs/
SUNDAY 4TH AUGUST,https://www.nrl.com/draw/nrl-premiership/2024/round-22/panthers-v-knights/
SUNDAY 4TH AUGUST,https://www.nrl.com/draw/nrl-premiership/2024/round-22/bulldogs-v-raiders/
THURSDAY 8TH AUGUST,https://www.nrl.com/draw/nrl-premiership/2024/round-23/rabbitohs-v-storm/
FRIDAY 9TH AUGUST,https://www.nrl.com/draw/nrl-premiership/2024/round-23/titans-v-sharks/
FRIDAY 9TH AUGUST,https://www.nrl.com/draw/nrl-premiership/2024/round-23/eels-v-panthers/
SATURDAY 10TH AUGUST,https://www.nrl.com/draw/nrl-premiership/2024/round-23/raiders-v-sea-eagles/
SATURDAY 10TH AUGUST,https://www.nrl.com/draw/nrl-premiership/2024/round-23/cowboys-v-broncos/
SATURDAY 10TH AUGUST,https://www.nrl.com/draw/nrl-premiership/2024/round-23/dragons-v-bulldogs/
SUNDAY 11TH AUGUST,https://www.nrl.com/draw/nrl-premiership/2024/round-23/dolphins-v-warriors/
SUNDAY 11TH AUGUST,https://www.nrl.com/draw/nrl-premiership/2024/round-23/knights-v-wests-tigers/
THURSDAY 15TH AUGUST,https://www.nrl.com/draw/nrl-premiership/2024/round-24/panthers-v-storm/
FRIDAY 16TH AUGUST,https://www.nrl.com/draw/nrl-premiership/2024/round-24/sea-eagles-v-warriors/
FRIDAY 16TH AUGUST,https://www.nrl.com/draw/nrl-premiership/2024/round-24/roosters-v-eels/
SATURDAY 17TH AUGUST,https://www.nrl.com/draw/nrl-premiership/2024/round-24/bulldogs-v-dolphins/
SATURDAY 17TH AUGUST,https://www.nrl.com/draw/nrl-premiership/2024/round-24/cowboys-v-raiders/
SATURDAY 17TH AUGUST,https://www.nrl.com/draw/nrl-premiership/2024/round-24/wests-tigers-v-rabbitohs/
SUNDAY 18TH AUGUST,https://www.nrl.com/draw/nrl-premiership/2024/round-24/dragons-v-titans/
SUNDAY 18TH AUGUST,https://www.nrl.com/draw/nrl-premiership/2024/round-24/sharks-v-knights/
THURSDAY 22ND AUGUST,https://www.nrl.com/draw/nrl-premiership/2024/round-25/wests-tigers-v-sea-eagles/
FRIDAY 23RD AUGUST,https://www.nrl.com/draw/nrl-premiership/2024/round-25/warriors-v-bulldogs/
FRIDAY 23RD AUGUST,https://www.nrl.com/draw/nrl-premiership/2024/round-25/broncos-v-eels/
SATURDAY 24TH AUGUST,https://www.nrl.com/draw/nrl-premiership/2024/round-25/raiders-v-panthers/
SATURDAY 24TH AUGUST,https://www.nrl.com/draw/nrl-premiership/2024/round-25/storm-v-dolphins/
SATURDAY 24TH AUGUST,https://www.nrl.com/draw/nrl-premiership/2024/round-25/rabbitohs-v-knights/
SUNDAY 25TH AUGUST,https://www.nrl.com/draw/nrl-premiership/2024/round-25/titans-v-roosters/
SUNDAY 25TH AUGUST,https://www.nrl.com/draw/nrl-premiership/2024/round-25/dragons-v-sharks/
THURSDAY 29TH AUGUST,https://www.nrl.com/draw/nrl-premiership/2024/round-26/cowboys-v-storm/
FRIDAY 30TH AUGUST,https://www.nrl.com/draw/nrl-premiership/2024/round-26/bulldogs-v-sea-eagles/
FRIDAY 30TH AUGUST,https://www.nrl.com/draw/nrl-premiership/2024/round-26/panthers-v-rabbitohs/
SATURDAY 31ST AUGUST,https://www.nrl.com/draw/nrl-premiership/2024/round-26/eels-v-dragons/
SATURDAY 31ST AUGUST,https://www.nrl.com/draw/nrl-premiership/2024/round-26/dolphins-v-broncos/
SATURDAY 31ST AUGUST,https://www.nrl.com/draw/nrl-premiership/2024/round-26/sharks-v-warriors/
SUNDAY 1ST SEPTEMBER,https://www.nrl.com/draw/nrl-premiership/2024/round-26/knights-v-titans/
SUNDAY 1ST SEPTEMBER,https://www.nrl.com/draw/nrl-premiership/2024/round-26/roosters-v-raiders/
THURSDAY 5TH SEPTEMBER,https://www.nrl.com/draw/nrl-premiership/2024/round-27/broncos-v-storm/
FRIDAY 6TH SEPTEMBER,https://www.nrl.com/draw/nrl-premiership/2024/round-27/wests-tigers-v-eels/
FRIDAY 6TH SEPTEMBER,https://www.nrl.com/draw/nrl-premiership/2024/round-27/rabbitohs-v-roosters/
SATURDAY 7TH SEPTEMBER,https://www.nrl.com/draw/nrl-premiership/2024/round-27/dragons-v-raiders/
SATURDAY 7TH SEPTEMBER,https://www.nrl.com/draw/nrl-premiership/2024/round-27/bulldogs-v-cowboys/
SATURDAY 7TH SEPTEMBER,https://www.nrl.com/draw/nrl-premiership/2024/round-27/panthers-v-titans/
SUNDAY 8TH SEPTEMBER,https://www.nrl.com/draw/nrl-premiership/2024/round-27/sea-eagles-v-sharks/
SUNDAY 8TH SEPTEMBER,https://www.nrl.com/draw/nrl-premiership/2024/round-27/knights-v-dolphins/
FRIDAY 13TH SEPTEMBER,https://www.nrl.com/draw/nrl-premiership/2024/finals-week-1/game-1/
SATURDAY 14TH SEPTEMBER,https://www.nrl.com/draw/nrl-premiership/2024/finals-week-1/game-2/
SATURDAY 14TH SEPTEMBER,https://www.nrl.com/draw/nrl-premiership/2024/finals-week-1/game-3/
SUNDAY 15TH SEPTEMBER,https://www.nrl.com/draw/nrl-premiership/2024/finals-week-1/game-4/
FRIDAY 20TH SEPTEMBER,https://www.nrl.com/draw/nrl-premiership/2024/finals-week-2/game-1/
SATURDAY 21ST SEPTEMBER,https://www.nrl.com/draw/nrl-premiership/2024/finals-week-2/game-2/
FRIDAY 27TH SEPTEMBER,https://www.nrl.com/draw/nrl-premiership/2024/finals-week-3/game-1/
SATURDAY 28TH SEPTEMBER,https://www.nrl.com/draw/nrl-premiership/2024/finals-week-3/game-2/
Date not found,https://www.nrl.com/draw/nrl-premiership/2024/grand-final/game-1/
SATURDAY 19TH AUGUST,https://www.nrl.com/draw/nrl-premiership/2023/round-25/wests-tigers-v-dolphins/
THURSDAY 25TH APRIL,https://www.nrl.com/draw/nrl-premiership/2024/round-8/dragons-v-roosters/
